source,job_id,title,company_name,location_raw,remote_status,job_type,description,tags_raw,publication_date,job_url,salary_min_raw,salary_max_raw,salary_text_raw,scrape_date
Himalayas,,"[Job - 29221] Senior Data Developer  (Azure), Brazil",CI&T,Brazil,Remote,Full Time,"<p>We are looking for a Senior Data Developer (Azure) to implement, build, and evolve data platform components, transforming architectural definitions into robust pipelines, consistent data models, and scalable solutions, contributing to making the organization's data reliable, accessible, and ready to generate business value.</p><h3>Requirements</h3><ul><li>Development of Pipelines &amp; Integration</li><li>Implementation of the Data Platform</li><li>Data Modeling &amp; Transformation</li><li>Data Quality &amp; Governance</li><li>Machine Learning &amp; AI Support</li></ul><h3>Benefits</h3><ul><li>Health and dental plan</li><li>Meal and snack allowance</li><li>Childcare support</li><li>Extended parental leave</li><li>Partnership with gyms and health professionals</li><li>Participation in profits and results</li><li>Life insurance</li><li>Continuous learning platform</li><li>Discount club</li><li>Online platform for promoting physical, mental, and well-being health</li><li>Pregnant and ",Senior-Data-Developer|Data-Developer|Senior-Data-Engineer|Data-Senior-Engineer|Senior-Cloud-Data-Engineer|Senior-Data-Platform-Engineer|Senior-Cloud-Data-Platform-Engineer|Senior-Data-Engineering|Senior-Data-Infrastructure-Engineer|Consultant-Senior-En-Data-Engineering,,https://himalayas.app/companies/ci-t/jobs/job-29221-senior-data-developer-azure-brazil,,,,2026-05-10
Himalayas,,Datenmanager:in 60 - 80 % (m/w/d),buildup,Switzerland,Remote,Full Time,"<p>The <a href=""https://himalayas.app/companies/buildup"">buildup</a> AG is looking for a Data Manager to assist customers in digitizing and publishing their product data. The role involves collecting and recording building products, mapping manufacturer-specific data, and coordinating data releases.</p><h3>Requirements</h3><ul><li>Experience in cooperation with customers</li><li>Enjoy working in Excel</li><li>No fear of extensive data sets</li><li>Knowledge of product assortment structuring</li><li>Basic understanding of structured, machine-readable data</li></ul><h3>Benefits</h3><ul><li>Space to bring in own ideas</li><li>An open and competent team</li><li>Direct contact with customers</li><li>The possibility of shaping the digital future of the construction industry in Switzerland</li></ul><p>Originally posted on <a href=""https://himalayas.app"">Himalayas</a></p>",Praktikant-Im-Datenmanagement|Data-Management-Engineer|Data-Management-Jobs|German-Speaking-SAP-Data-Specialist,,https://himalayas.app/companies/buildup/jobs/datenmanager-in-60-80-m-w-d,,,,2026-05-10
Himalayas,,IT - Data Engineer,ArchWell Health,United States,Remote,Full Time,"<p><a href=""https://himalayas.app/companies/archwell-health"">ArchWell Health</a> is a new, innovative healthcare provider devoted to improving the lives of our senior members.</p><h3>Requirements</h3><ul><li>Build data integrations from internal and external sources</li><li>Monitor data integration operations</li><li>Profile data sources and map to target table formats</li><li>Develop and monitor data quality processes</li><li>Create support documentation</li><li>Participate in technical design &amp; requirements gathering meetings</li><li>Perform QA tests to ensure data integrity and quality</li><li>Research data issues between source systems and the data warehouse</li></ul><p>Originally posted on <a href=""https://himalayas.app"">Himalayas</a></p>",Data-Engineering-Positions|Data-Engineer|Data-Analytics-Engineer|DataOps-Engineer-Jobs|Lead-Data-Engineer-Jobs,,https://himalayas.app/companies/archwell-health/jobs/it-data-engineer,,,,2026-05-10
Himalayas,,2026-7938 Data Engineer-Mid (Mid Shift),Arch Global Services (Philippines) Inc.,Philippines,Remote,Full Time,"<p>Strategic Analytics is a growing team at Arch. The team develops innovative predictive models and analytical tools to improve profitability and growth. This position will help support the data engineering needs across a growing portfolio of high-profile analytics projects by developing complex data structures and pipelines leveraging a diverse set of tools and languages. This includes the following cloud based technologies: Databricks, Snowflake, Spark, Python and Azure Data Factory. As a key member of the Strategic Analytics team, you will advance our data engineering capabilities helping the team analyze data faster. <br><br><strong>Responsibilities:</strong></p><ul><li>Work closely with predictive modelers to assemble large, complex data sets that help solve business problems and increase profitability</li><li>Perform data manipulation and transformation using SQL and Python</li><li>Identify, design, and implement internal process improvements: automating manual processes and opt",Data-Engineer|Data-Engineering|Data-Pipeline-Engineer|Data-Infrastructure-Engineer|Analytics-Engineer,,https://himalayas.app/companies/agsi/jobs/2026-7938-data-engineer-mid-mid-shift,,,,2026-05-10
Himalayas,,Lead Data Engineer,Readymag,United States,Remote,Full Time,"<p>Lead Data Engineer to define and scale our data platform, owning architecture and implementation roadmap, and shaping data ingestion, processing, and modeling. Fully remote collaboration under a service agreement.</p><h3>Requirements</h3><ul><li>Strong experience as a senior/lead data engineer</li><li>Advanced SQL + Python</li><li>Production experience with modern warehouse stack (BigQuery, Snowflake, Redshift, or similar)</li><li>Hands-on experience with transformation frameworks (dbt, Dataform, SQLMesh, or similar)</li><li>Practical orchestration and monitoring mindset</li><li>Ability to prioritize by business impact and communicate clearly with non-technical stakeholders</li></ul><p>Originally posted on <a href=""https://himalayas.app"">Himalayas</a></p>",Lead-Data-Engineer-Jobs|Data-Engineering-Lead|Team-Lead-(Data-Engineering)|Data-Engineering-Team-Lead,,https://himalayas.app/companies/readymag/jobs/lead-data-engineer,,,,2026-05-10
Himalayas,,Head of Data,Digital Forms,"Australia, Canada, India, Ireland, New Zealand, Nigeria, Singapore, South Africa, United Kingdom, United States",Remote,Contractor,"<p>Are you a data-driven leader who thrives at the intersection of business and technology? As Head of Data at <a href=""https://himalayas.app/companies/digitalforms"">Digital Forms</a>, you will be responsible for translating business goals into measurable outcomes. You’ll work directly with clients to understand their challenges, design actionable KPIs, and implement the data flows and dashboards needed to drive decision-making. This role combines strategic thinking, hands-on data expertise, and outstanding communication skills. You’ll be a key player in delivering high-impact digital transformation solutions for our international clients.</p><h3>Requirements</h3><h3><strong>Responsibilities</strong></h3><ul><li><p>Lead the company’s data strategy in alignment with business objectives and client goals.</p></li><li><p>Work closely with clients to understand their business context, define success metrics, and design clear, actionable KPIs.</p></li><li><p>Design and implement efficient da",Data-Management|Data-Strategy|Business-Intelligence|Head-Of-Data|Data-Analytics,,https://himalayas.app/companies/digitalforms/jobs/head-of-data,282240,483840,$282240 - $483840,2026-05-10
Himalayas,,Data Labeling Analyst,Mackin Talent,United States,Remote,Contractor,"<h3>This is a remote position.</h3><div>Our client is looking for a <b>Data Labeling Analyst for a 6 month remote contract.</b><div>The main function of a data labeling analyst is to create and manage labeling and change processes within the data management systems. The typical data labeling analyst will have experience in data quality assurance.<div><b>Responsibilities:</b><div>• Create and modify data labels ensuring compliance to all regulatory and legal requirements.<div>• Maintain batch records, room logs, product travelers, and inventory records.<div>• Label and analyze large data sets to inform product decisions.<div>• Asses data quality.<br><h3>Requirements</h3><div><b>Skills:</b><div>• Ability to identify trends within large data sets.<div>• Excellent communication skills, verbal and written.<div>• Problem solving skills.<div>• Team oriented with attention for detail.<div><div><b>Education/Experience:</b><div>• Bachelors degree in related field.<br><h3>Benefits</h3><ul><li>Hea",Data-Labeling|Data-Analysis|Data-Quality-Assurance|Data-Management|Data-Entry,,https://himalayas.app/companies/mackin-talent/jobs/data-labeling-analyst,,,,2026-05-10
Himalayas,,"Sr Director Analyst, AI Data Security and Data Management; Emerging Technology a",Gartner,United States,Remote,Full Time,"<h3>About The Role</h3><p><a href=""https://himalayas.app/companies/gartner"">Gartner</a> Analysts are industry thought leaders who create must-have insights, market predictions and best practices for a broad range of world-leading organizations. A Senior Director serves as a leader within <a href=""https://himalayas.app/companies/gartner"">Gartner</a>’s Business and Technology Insights (BTI) group, establishing oneself as a credible voice within their designated market at local, regional and global levels. Utilizing exceptional research and analytical skills, a Senior Director plays a significant role in producing pragmatic and provocative insights which <a href=""https://himalayas.app/companies/gartner"">Gartner</a> clients consume and apply to propel their business toward key objectives. They are a trusted source of advice for clients, reinforcing <a href=""https://himalayas.app/companies/gartner"">Gartner</a>’s value every day by engaging them via in-person meetings, virtual meetings, sale",AI-Data-Security|Data-Management|Emerging-Technology-Analysis|Technology-Research|Security-Analyst,,https://himalayas.app/companies/gartner/jobs/sr-director-analyst-ai-data-security-and-data-management-emerging-technology-a,172000,202500,$172000 - $202500,2026-05-10
Himalayas,,Data Analyst (short-term),Globaldev Group,Ukraine,Remote,Full Time,"<p>We are looking for a Data Analyst with strong data modeling and analytics engineering skills to support the design, structuring, and interpretation of HR data within a modern cloud-based data platform. This is a <strong>short-term engagement (3–6 months)</strong> focused on transforming raw HR data into scalable, well-governed, and analytics-ready datasets that support reporting, AI-driven HR agents, and business decision-making.</p><p>The role requires at least <strong>4 hours daily overlap with the America/New_York time zone</strong> to ensure effective collaboration with stakeholders and engineering teams.</p><p>You will work closely with data engineers, AI developers, and HR stakeholders to ensure data consistency, quality, and usability across multiple downstream applications.</p><h3>Requirements</h3><ul><li>Strong experience in data modeling (logical and physical) with focus on scalability and multiple downstream use cases </li><li>Hands-on experience with Snowflake and dbt fo",Data-Analyst|Analytics-Engineering|HR-Analytics|Data-Modeling|Business-Intelligence,,https://himalayas.app/companies/globaldev-group/jobs/data-analyst-short-term,,,,2026-05-10
Himalayas,,Data Engineer,Shyft6,United States,Remote,Full Time,"<h3>This is a remote position.</h3><div>We are seeking a Data Engineer to support a large-scale Facets migration project within the healthcare payer environment. This role will focus on supporting data entry, data management, and migration-related activities to ensure data accuracy, integrity, and consistency across systems throughout the implementation.<h3><b>Key Responsibilities:</b><ul><li>Accurately input, update, and maintain data across multiple business and software systems</li><li>Support data migration and conversion activities as part of the Facets implementation</li><li>Perform routine data management tasks, ensuring data quality, accuracy, and completeness</li><li>Validate and reconcile data across systems to ensure consistency during migration</li><li>Identify and report data discrepancies, supporting resolution efforts</li><li>Collaborate with data teams, QA, and business stakeholders to support integration and migration activities</li><li>Follow established data governan",Data-Engineering|Data-Migration|Data-Management|Healthcare-Data|ETL-Data-Integration,,https://himalayas.app/companies/shyft6/jobs/data-engineer,,,,2026-05-10
Himalayas,,Data Governance Specialist - Clearance Required,Logistics Management Institute,United States,Remote,Other,"<h3>Overview</h3><p>LMI seeks an experienced Data Governance Specialist to support the U.S. Army’s Holistic Health &amp; Fitness (H2F) initiative as a member of the Data Management functional team within the H2F Program Support Team.</p><p>The Data Governance Specialist is responsible for supporting the definition, implementation, and enforcement of data governance practices for data used within the Holistic Health and Fitness Management System (H2FMS). This role ensures that data supporting scientific analysis, analytics, and user engagement activities are well-defined, properly managed, compliant, and fit for purpose.</p><p>The Data Governance Specialist works closely with the Technical Project Manager, data engineers, data scientists, epidemiologists, research psychologists, and software teams to ensure data assets are consistently defined, governed, and documented in accordance with Government direction. This role focuses on governance enablement and coordination, not independent p",Data-Governance|Data-Management|Data-Quality|Data-&-Analytics|Data-Specialist,,https://himalayas.app/companies/logistics-management-institute/jobs/data-governance-specialist-clearance-required,85986,145154,$85986 - $145154,2026-05-10
Himalayas,,Data Engineer - Clearance Required,Logistics Management Institute,United States,Remote,Other,"<h3>Overview</h3><p>LMI seeks an experienced Data Engineer to support the U.S. Army’s Holistic Health &amp; Fitness (H2F) initiative as a member of the Analytics functional team within the H2F Program Support Team.</p><p>The Data Engineer is responsible for designing, building, and maintaining data pipelines and data services that enable scientific analysis, analytics, and user engagement activities within the Holistic Health and Fitness Management System (H2FMS). This role focuses on data ingestion, transformation, storage, and accessibility, ensuring that data supporting research, analytics, and decision support is reliable, well-structured, and available for authorized use.</p><p>The Data Engineer works closely with the Technical Project Manager, data governance specialists, epidemiologists, research psychologists, tactical sports scientists, data scientists, and software teams to translate analytic and research requirements into scalable data solutions under Government direction. T",Data-Engineering|Data-Pipelines|Data-&-Analytics|Data-Integration|Information-Technology,,https://himalayas.app/companies/logistics-management-institute/jobs/data-engineer-clearance-required,101986,170154,$101986 - $170154,2026-05-10
Himalayas,,Data Analyst (m/w/d) (Digital Analytics & Web/App Tracking Analytics),E. Breuninger GmbH & Co.,Germany,Remote,Full Time,"<p>As a Data Analyst for Web and App Tracking Data, you will analyze and link relevant data along the Onsite Customer Journey, identify optimization opportunities, and lead to concrete action recommendations with business impact.</p><h3>Requirements</h3><ul><li>Successful completion of a degree with a quantitative focus or comparable analytical qualification</li><li>Several years (at least 2 years) of professional experience in the field of Data Analytics, Digital Analytics, or Web Analytics, ideally in the E-Commerce sector</li><li>In-depth knowledge of tracking data analysis as well as experience in the conception, execution, and evaluation of A/B tests</li><li>Safe handling of SQL and databases</li><li>Affinity for generative AI and its use to increase efficiency along the analysis process</li><li>Ideally experience with the Google Cloud Platform</li><li>Knowledge of visualization tools like Power BI or Looker Studio</li><li>Ability to structure complex issues analytically and prepa",Data-Analyst-Jobs|Data-Analyst,,https://himalayas.app/companies/e-breuninger-gmbh-co/jobs/data-analyst-m-w-d-digital-analytics-web-app-tracking-analytics,,,,2026-05-10
Himalayas,,Data Operations Engineer,Sword Health,United States,Remote,Full Time,"<div><a href=""https://himalayas.app/companies/sword-health"">Sword Health</a> is shifting healthcare from human-first to AI-first through its AI Care platform, making world-class healthcare available anytime, anywhere, while significantly reducing costs for payers, self-insured employers, national health systems, and other healthcare organizations. Sword began by reinventing pain care with AI at its core, and has since expanded into women’s health, movement health, and more recently mental health. Since 2020, more than 700,000 members across three continents have completed 10 million AI sessions, helping Sword's 1,000+ enterprise clients avoid over $1 billion in unnecessary healthcare costs. Backed by 42 clinical studies and over 44 patents, <a href=""https://himalayas.app/companies/sword-health"">Sword Health</a> has raised more than $500 million from leading investors, including Khosla Ventures, General Catalyst, Transformation Capital, and Founders Fund. Learn more at <a style=""font-si",Data-Operations|Data-Engineering|Healthcare-Data|ETL-Development|Data-Quality-Management,,https://himalayas.app/companies/sword-health/jobs/data-operations-engineer,110425,173525,$110425 - $173525,2026-05-10
Himalayas,,AI Data Specialist - Georgian,RWS Group,Georgia,Remote,Contractor,"<div>We are looking for <strong style=""font-size: 18px;"">AI</strong><strong style=""font-size: 18px;"">Data Specialists</strong> to support the improvement of AI-generated content in <strong style=""font-size: 18px;"">Georgian.</strong></div><div><strong>Job Type:</strong> Freelance</div><div><strong>Location:</strong> Work from home</div><div><em><strong>Work Schedule: </strong></em>Part-time - 10+ hours per week. Flexible - work whenever you want.</div><div><strong>Start Date:</strong> Immediately</div><div><strong>Duration:</strong> TBC</div><div><strong>Rate:</strong> 9 USD per hour (rates vary per country. If you are based elsewhere, the rates will be different)</div><h3>Help Shape the Future of AI</h3><div>Are you a student, recent graduate, stay-at-home parent, gig worker, or professional seeking flexible remote work? Are you interested in shaping the development and safety of today’s AI models?</div><h3>What You’ll Do</h3><div>The role involves performing diverse data-related tasks",Data-Annotation|AI-Training|Data-Entry|Data-Quality|Data-Operations,,https://himalayas.app/companies/rws-group/jobs/ai-data-specialist-georgian,18720,18720,$18720 - $18720,2026-05-10
Himalayas,,Data Engineer - Tracking Infrastructure (m/f/d),Statista,Germany,Remote,Full Time,"<p>Join <a href=""https://himalayas.app/companies/statista"">Statista</a>'s growing data team as a Data Engineer and take ownership of our tracking data infrastructure, focusing on operating, improving, and scaling existing data systems.</p><h3>Requirements</h3><ul><li>Experience in data engineering within cloud environments (AWS preferred)</li><li>Strong skills in Python and SQL</li><li>Hands-on experience with data pipelines, orchestration tools (Airflow, Prefect), and APIs</li><li>Familiarity with large-scale data systems and event-based data (tracking, logs, or similar)</li><li>Experience with Snowflake (or similar DWH)</li><li>Knowledge of infrastructure as code (Terraform) and CI/CD (GitHub Actions)</li><li>Understanding of data architecture, testing, and best practices</li></ul><h3>Benefits</h3><ul><li>Hybrid work and flex-time</li><li>International team and social events</li><li>Subsidized urban mobility and access to fitness and wellness options</li><li>Free access to Langdock a",Internship-Data-Engineer|Associate-Data-Engineer|Data-Engineer,,https://himalayas.app/companies/statista/jobs/data-engineer-tracking-infrastructure-m-f-d,,,,2026-05-10
Himalayas,,"[Job -  27113] Data & AI Strategist, Colombia",CI&T,Colombia,Remote,Full Time,"<div>We are <b>tech transformation</b> specialists, uniting human expertise with AI to create scalable tech solutions.</div><div>With over 8,000 CI&amp;Ters around the world, we’ve built partnerships with more than 1,000 clients during our 30 years of history. Artificial Intelligence is our reality. </div><p>We are seeking a talented and experienced Data Strategist to join our team as we continue to grow. Our mission is to support clients in building Data Platforms and cause impact with data. In this role, you will leverage data capabilities to drive business value and achieve strategic objectives. You'll work with cross-functional teams and international clients to develop comprehensive data strategies, establish governance frameworks, and foster data-oriented cultures within organizations.</p><h3>Key Responsibilities:</h3><ul><li><strong>Data Strategy:</strong> Develop a comprehensive data strategy aligned with organizational goals.</li><li><strong>Data Governance:</strong> Establish",Data-Strategy|AI-Strategy|Data-Consulting|Data-Governance|Data-&-AI-Advisory,,https://himalayas.app/companies/ci-t/jobs/job-27113-data-ai-strategist-colombia,,,,2026-05-10
Himalayas,,AI Data Specialist -  Armenian,RWS Group,Georgia,Remote,Contractor,"<div>We are looking for <b style=""font-size: 18px;"">AI</b><b style=""font-size: 18px;"">Data Specialists</b> to support the improvement of AI-generated content in <b style=""font-size: 18px;"">Armenian</b>.</div><div><b>Job Type:</b> Freelance</div><div><b>Location:</b> Work from home</div><div><i><b>Work Schedule: </b></i>Part-time - 10+ hours per week. Flexible - work whenever you want.</div><div><b>Start Date:</b> Immediately</div><div><b>Duration:</b> TBC</div><div><b>Rate:</b> 8 USD per hour (rates vary per country. If you are based elsewhere, the rates will be different)</div><h3>Help Shape the Future of AI</h3><div>Are you a student, recent graduate, stay-at-home parent, gig worker, or professional seeking flexible remote work? Are you interested in shaping the development and safety of today’s AI models?</div><h3>What You’ll Do</h3><div>The role involves performing diverse data-related tasks, including:</div><ul><li>Data collection, evaluation, and annotation.</li> <li>Pairwise com",Data-Annotation|AI-Training|Data-Specialist|Data-Entry|Freelance-Data-Analyst,,https://himalayas.app/companies/rws-group/jobs/ai-data-specialist-armenian,16640,16640,$16640 - $16640,2026-05-10
Himalayas,,AI Data Specialist -  Danish,RWS Group,Denmark,Remote,Contractor,"<div>We are looking for <b style=""font-size: 18px;"">AI</b><b style=""font-size: 18px;"">Data Specialists</b> to support the improvement of AI-generated content in<b style=""font-size: 18px;""> Danish</b>, Finnish, Icelandic, Norwegian OR Swedish.</div><div><b>Job Type:</b> Freelance</div><div><b>Location:</b> Work from home</div><div><i><b>Work Schedule: </b></i>Part-time - 10+ hours per week. Flexible - work whenever you want.</div><div><b>Start Date:</b> Immediately</div><div><b>Rate:</b> 21 USD per hour (rates vary per country. If you are based elsewhere, the rates will be different)</div><h3>Help Shape the Future of AI</h3><div>Are you a student, recent graduate, stay-at-home parent, gig worker, or professional seeking flexible remote work? Are you interested in shaping the development and safety of today’s AI models?</div><h3>What You’ll Do</h3><div>The role involves performing diverse data-related tasks, including:</div><ul><li>Data collection, evaluation, and annotation.</li> <li>Pa",Data-Annotation|AI-Data-Specialist|Data-Collection|Data-Quality|AI-Training,,https://himalayas.app/companies/rws-group/jobs/ai-data-specialist-danish-6385025872,43680,43680,$43680 - $43680,2026-05-10
Himalayas,,AI Data Specialist -  Estonian,RWS Group,Estonia,Remote,Contractor,"<div>We are looking for <strong style=""font-size: 18px;"">AI</strong><strong style=""font-size: 18px;"">Data Specialists</strong> to support the improvement of AI-generated content in<strong style=""font-size: 18px;""> Estonian</strong>.</div><div><strong>Job Type:</strong> Freelance</div><div><strong>Location:</strong> Work from home</div><div><strong><em>Work Schedule: </em></strong>Part-time - 10+ hours per week. Flexible - work whenever you want.</div><div><strong>Start Date:</strong> Immediately</div><div><strong>Rate:</strong> 9 USD per hour (rates vary per country. If you are based elsewhere, the rates will be different)</div><h3>Help Shape the Future of AI</h3><div>Are you a student, recent graduate, stay-at-home parent, gig worker, or professional seeking flexible remote work? Are you interested in shaping the development and safety of today’s AI models?</div><h3>What You’ll Do</h3><div>The role involves performing diverse data-related tasks, including:</div><ul><li>Data collection",Data-Annotation|AI-Training|Data-Entry|Data-Quality|Freelance,,https://himalayas.app/companies/rws-group/jobs/ai-data-specialist-estonian,,,,2026-05-10
Himalayas,,Payor Data Analyst- Remote,Sharecare,United States,Remote,Full Time,"<p style=""text-align:left""><u><b>Job Description:</b></u></p><div><p><a href=""https://himalayas.app/companies/sharecare"">Sharecare</a> is a digital healthcare company that delivers software and tech-enabled services to stakeholders across the healthcare ecosystem to help improve care quality, drive better outcomes, and lower costs. Through its data-driven AI insights, evidence-based resources, and comprehensive platform – including benefits navigation, care management, home care resources, health information management, and more – <a href=""https://himalayas.app/companies/sharecare"">Sharecare</a> helps people easily and efficiently manage their healthcare and improve their well-being. Across its three business channels, <a href=""https://himalayas.app/companies/sharecare"">Sharecare</a> enables health plan sponsors, health systems and physician practices, and leading pharmaceutical brands to drive personalized and value-based care at scale. To learn more, visit<a href=""http://www.sharecar",Data-Analysis|Healthcare-Analytics|Payor-Analytics|SQL-Analyst|Data-Management,,https://himalayas.app/companies/sharecare/jobs/payor-data-analyst-remote,,,,2026-05-10
Himalayas,,"Staff Product Manager, Data Platform",abridge,United States,Remote,Full Time,"<h3><strong>About Abridge</strong></h3><p style=""min-height:1.5em"">Abridge was founded in 2018 with the mission of powering deeper understanding in healthcare. Our AI-powered platform was purpose-built for medical conversations, improving clinical documentation efficiencies while enabling clinicians to focus on what matters most—their patients.</p><p style=""min-height:1.5em"">Our enterprise-grade technology transforms patient-clinician conversations into structured clinical notes in real-time, with deep EMR integrations. Powered by Linked Evidence and our purpose-built, auditable AI, we are the only company that maps AI-generated summaries to ground truth, helping providers quickly trust and verify the output. As pioneers in generative AI for healthcare, we are setting the industry standards for the responsible deployment of AI across health systems.</p><p style=""min-height:1.5em"">We are a growing team of practicing MDs, AI scientists, PhDs, creatives, technologists, and engineers worki",Staff-Data-Platform-Product-Manager|Data-Product-Manager|Staff-Product-Manager|Director-Of-Data-Product-Management,,https://himalayas.app/companies/abridge/jobs/staff-product-manager-data-platform,240000,270000,$240000 - $270000,2026-05-10
Himalayas,,Data Engineer,Air Apps,Portugal,Remote,Full Time,"<p><a href=""https://himalayas.app/companies/air-apps"">Air Apps</a> is seeking a Data Engineer to join their team. The role involves analyzing and interpreting data to drive business insights and optimize product performance.</p><h3>Requirements</h3><ul><li>Analyze user behavior, product performance, and key business metrics to identify trends and opportunities</li><li>Create and maintain interactive dashboards and reports using tools like Tableau, Looker, Power BI, or Google Data Studio</li><li>Collect, clean, and structure large datasets to ensure accuracy and usability</li><li>Define and track KPIs for marketing, product, and business performance</li><li>Work with SQL, Python, or R to extract, analyze, and manipulate data</li><li>Collaborate with product managers, engineers, and marketing teams to provide data-driven insights</li><li>Conduct A/B testing and experiment analysis to improve product features and user engagement</li><li>Identify bottlenecks and opportunities in user journ",Data-Engineer|Associate-Data-Engineer,,https://himalayas.app/companies/air-apps/jobs/data-engineer-9514410053,,,,2026-05-10
Himalayas,,Data Analyst,Air Apps,Ireland,Remote,Full Time,"<p>We are seeking a Data Analyst to join our team at <a href=""https://himalayas.app/companies/air-apps"">Air Apps</a>. As a Data Analyst, you will be responsible for analyzing and interpreting data to drive business insights and optimize product performance.</p><h3>Requirements</h3><ul><li>Analyze user behavior, product performance, and key business metrics to identify trends and opportunities.</li><li>Create and maintain interactive dashboards and reports using tools like Tableau, Looker, Power BI, or Google Data Studio.</li><li>Collect, clean, and structure large datasets to ensure accuracy and usability.</li></ul><h3>Benefits</h3><ul><li>Apple hardware ecosystem for work</li><li>Annual Bonus</li><li>Top-tier Health and Life Insurance for peace of mind</li><li>Transportation Budget to support your commute needs</li><li>Coverflex benefits package for meal allowances, well-being, and more.</li><li>Childcare support</li><li>Air Conference - an opportunity to meet the team, collaborate, a",Data-Analyst-Jobs|IT-Data-Analyst|Data-Analyst|Job-Categories|Data-Analysis|SQL-Data-Analyst,,https://himalayas.app/companies/air-apps/jobs/data-analyst-6429613335,,,,2026-05-10
Himalayas,,Data Analyst,"PatientFi, Inc.",United States,Remote,Full Time,"<p style=""font-family:""><b><strong style=""color:rgb(0,0,0);font-size:11pt;white-space:pre-wrap;"">Company Description</strong></b></p><p style=""font-family:"">PatientFi® is a technology-based, point-of-sale financing company in Irvine, CA that partners with healthcare providers to offer patients a friendly payment solution for out-of-pocket medical and dental procedures. The company serves various healthcare specialties, including plastic surgery, dermatology, ophthalmology, dentistry, fertility, and medical spas. PatientFi's mission is to expand patient access to elective healthcare treatments by removing the cost barrier and providing patients with a convenient payment option.</p><p style=""font-family:""><b><strong style=""color:rgb(36,55,72);font-size:14pt;white-space:pre-wrap;"">Responsibilities</strong></b></p><ul data-pattern=""discCircleSquare"" data-depth=""1"" style=""font-family:""><li style=""color:rgb(36,55,72);font-size:11pt;margin:3px 0px;letter-spacing:0.25px;line-height:1.6;"">Gathe",Data-Analyst|Business-Intelligence|Data-Analytics|Risk-&-Analytics|Credit-Data,,https://himalayas.app/companies/patientfi-inc/jobs/data-analyst,,,,2026-05-10
Himalayas,,Data Engineer - Overlap with European time zone!,G2i,"Armenia, Austria, Azerbaijan, Belarus, Belgium, Bulgaria, Croatia, Czechia, Denmark, Estonia, Finland, France, Georgia, Germany, Greece, Hungary, Iceland, Ireland, Israel, Italy, Latvia, Lithuania, Luxembourg, Moldova, Netherlands, Norway, Palestine, State of, Poland, Portugal, Romania, Russian Federation, Slovakia, Slovenia, Spain, Sweden, Switzerland, Turkey, Ukraine, United Kingdom",Remote,Full Time,"<h3>Data Engineer (Remote)</h3><p style=""min-height:1.5em""><strong>Rate:</strong> Up to $62/hour<br><strong>Location:</strong> Remote (Europe or LatAm)<br><strong>Timezone:</strong> Must overlap with European hours and partially with Asian timezones</p><h3>Overview</h3><p style=""min-height:1.5em"">We’re looking for an experienced Data Engineer to take full ownership of a production data layer powering internal tools and systems.</p><p style=""min-height:1.5em"">This is a hands-on role for someone who can design, build, and operate reliable data pipelines end-to-end — from ingestion to serving — with a strong focus on correctness, observability, and long-term scalability.</p><p style=""min-height:1.5em"">You’ll work closely with a small, high-impact engineering team and operate with a high level of autonomy.</p><h3>What You’ll Do</h3><ul style=""min-height:1.5em""><li><p style=""min-height:1.5em"">Own the data stack end-to-end: ingestion → transformation → modeling → serving → monitoring</p></li",Data-Engineer|Remote-Data-Engineer|Azure-Data-Engineer|DataOps-Engineer|Data-Engineering-Positions,,https://himalayas.app/companies/g2i/jobs/data-engineer-overlap-with-european-time-zone,128960,128960,$128960 - $128960,2026-05-10
Himalayas,,Data Analyst,OneMagnify,,Remote,Full Time,"<p><a href=""https://himalayas.app/companies/onemagnify"">OneMagnify</a> is an AI native, platform-enabled B2B digital agency operating at the intersection of data, technology, and creativity. We help complex organizations drive measurable business outcomes by building smarter customer experiences and delivering highly integrated solutions across digital, media, and technology. By combining deep industry expertise with advanced analytics and artificial intelligence, we enable our clients to make better decisions, move faster, and compete more effectively in dynamic markets.</p><h3>About You:</h3><p>You are a data person with solid hands-on technical skills and great attention to detail. You enjoy taking data and turning it into a solution. You are a troubleshooter and passionate about what you do.</p><ul><li>Resourceful and relentless: independently capable of seeking information, corralling resources, and delivering results in challenging situations</li><li>Collaboration and Teamwork: w",Data-Analyst|Data-Analysis|Business-Intelligence|Data-Engineering|Analytics,,https://himalayas.app/companies/onemagnify/jobs/data-analyst,,,,2026-05-10
Himalayas,,Senior Data Governance Specialist,Data Ideology,United States,Remote,Full Time,"<h3><a href=""https://himalayas.app/companies/data-ideology"">Data Ideology</a></h3><p>At DI, we provide Data &amp; Analytics expertise to drive measurable business outcomes, often solving complex business problems for our clients. Our data analytics advisory services enable our customers to transform data into insights by driving a culture of empowerment and ownership of results. Our team consists of highly motivated individuals passionate about learning, understanding, collaborating, and intellectually curious. For more information about <a href=""https://himalayas.app/companies/data-ideology"">Data Ideology</a>, visit <a href=""http://www.dataideology.com/"" rel=""nofollow ugc noopener noreferrer"" target=""_blank"">www.dataideology.com</a></p><h3>Senior Data Governance Specialist - Full-time</h3><p>The Senior Data Governance Specialist will support the design and implementation of data governance strategies that emphasize data ownership, quality, and lifecycle management. This role plays a k",Data-Governance|Data-Quality|Data-Management|Data-Stewardship|Information-Management,,https://himalayas.app/companies/data-ideology/jobs/senior-data-governance-specialist-2591285594,,,,2026-05-10
Himalayas,,"Data Domain Lead, Real World Data (Director)",200510503Z Thermo Fisher Scientific Pte. Ltd.,United States,Remote,Full Time,"<h3>Work Schedule</h3>Standard (Mon-Fri)<h3>Environmental Conditions</h3>Office<h3><u>Job Description</u></h3><p>At Thermo Fisher’s PPD clinical research business, we’re using digital innovation, data science, and AI to reimagine how life-changing therapies reach patients. Our teams combine deep scientific expertise with advanced analytics, automation, and digital platforms to make research smarter, faster, and more connected.</p><p>We know that innovation happens when diverse minds meet. Our Digital Science, Data, and AI professionals collaborate closely with scientists, clinicians, and operational experts to solve real-world challenges in clinical research. Alongside our partnership with Open AI, you can be part of the collaboration that will help to improve the speed and success of drug development, enabling customers to get medicines to patients faster and more cost effectively.</p><p>You’ll join a culture that values experimentation, learning, and collaboration — where your ideas ",Data-Strategy-Leadership|Clinical-Data-Management|Real-World-Evidence|Healthcare-Data-Science|Director-Of-Data,,https://himalayas.app/companies/200510503z-thermo-fisher-scientific-pte-ltd/jobs/data-domain-lead-real-world-data-director-5269962696,185000,215000,$185000 - $215000,2026-05-10
Himalayas,,Data Entry,United Window & Door,United States,Remote,Full Time,"<h3>Full job description</h3><p>We are looking for a dedicated Data Entry Specialist to join our growing team at Spotter. This individual will play a key role in managing and maintaining the integrity of data within our systems. As a Data Entry Specialist, you will be responsible for accurately inputting, organizing, and updating various types of data in our databases, spreadsheets, and other internal tools. You will work closely with our teams across departments, ensuring that data is consistent, reliable, and ready for analysis, helping us to deliver high-quality results for our clients.</p><p>This role requires a strong attention to detail, the ability to manage large datasets, and a commitment to accuracy. As part of the Spotter team, you will be integral to maintaining smooth data operations and supporting our AI-powered solutions.</p><h3>Key Responsibilities:</h3><ul><li><strong>Data Entry and Management:</strong><br>Enter and update large volumes of data into various internal sy",Data-Entry|Data-Management|Data-Administration|Data-Quality|Administrative-Support,,https://himalayas.app/companies/united-window-door/jobs/data-entry,33280,37440,$33280 - $37440,2026-05-10
Himalayas,,"[Job -  27113] Data &amp; AI Strategist, Colombia",CI&T,Colombia,Remote,Full Time,"<p>We are seeking a talented and experienced Data Strategist to join our team as we continue to grow. Our mission is to support clients in building Data Platforms and cause impact with data. In this role, you will leverage data capabilities to drive business value and achieve strategic objectives.</p><h3>Requirements</h3><ul><li>Data Strategy</li><li>Data Governance</li><li>Data Management</li><li>Data Enablement</li><li>Execution Oversight</li><li>Contract Success</li><li>Team Topology</li><li>Contract Expansion</li><li>Organizational Adoption</li><li>Data Literacy</li><li>Data Solutions</li></ul><h3>Benefits</h3><ul><li>Premium Healthcare</li><li>Meal voucher</li><li>Maternity and Parental leaves</li><li>Mobile services subsidy</li><li>Sick pay-Life insurance</li><li>CI&amp;T University</li><li>Colombian Holidays</li><li>Paid Vacations</li></ul><p>Originally posted on <a href=""https://himalayas.app"">Himalayas</a></p>",Data-&-Insights-Business-Analyst|Data-&-AI-Senior-Consultant|Data-Strategy-Lead|Senior-AI-Data-Operations-Manager|AI-&-Analytics-Consulting-Manager|Senior-AI-&-Analytics-Manager,,https://himalayas.app/companies/ci-t/jobs/job-27113-data-amp-ai-strategist-colombia,,,,2026-05-10
Himalayas,,Data Analyst / Researcher - APAC,Talencore,United States,Remote,Full Time,"<h3>This is a remote position.</h3><div>Are you a hunter who thrives on extracting meaningful insights from data? Do you have a passion for scaling startups and want to be on the ground floor of something game-changing? Our client is a stealth-mode B2B SaaS startup, building a platform to transform how marketing teams and agencies collaborate. They are looking for a Data Analyst/Researcher to drive their data strategy and algorithm development through smart analysis and innovative thinking.<div>⚡ <b>STARTUP REALISTS WANTED</b> ⚡ This is a true 0-1 opportunity with pre-seed compensation but enormous upside potential. We're looking for someone who understands the early-stage journey and values equity + career growth over initial salary. As a 100% remote role, you'll enjoy location freedom while building something that could transform an industry. If you want to wear multiple hats, have outsized impact, and potentially see your contributions turn into significant rewards as we scale - thi",Data-Analysis|Data-&-Research|Analytics-Engineering|Data-Science|Research-Analyst,,https://himalayas.app/companies/talencore/jobs/data-analyst-researcher-apac,,,,2026-05-10
Himalayas,,Data Engineer / Senior Data Engineer,Movement Labs,United States,Remote,Full Time,"<p><a href=""https://himalayas.app/companies/movement-labs"">Movement Labs</a> is an incubator and consulting firm that uses technology, data, and experimentation to stop fascism and build progressive power. We help progressives win and defeat MAGA extremists through year-round work grounded in research and real-world testing. Our team partners with leading advocacy groups, grassroots organizers, and electoral campaigns to develop innovative tactics, win elections, and shift power for the long term.</p><h3>Requirements</h3><ul><li>Shape the pipelines and integrations feeding our RCT platform and our foundational voter datasets: the APIs, replication, federation layers, experiment randomization, and the failure modes that come with running data systems for hundreds of partner organizations on a non-negotiable political calendar</li><li>Extend our data platform and orchestration layer, and optimize it for cost, runtime, and reliability so it holds up during the elections, with millions of ",Senior-Data-Engineer|Senior-Data-Engineering|Data-Engineer-Senior|Senior-Data-Engineer-Jobs|Senior-Staff-Data-Engineer|Senior-DataOps-Engineer|Data-Engineer,,https://himalayas.app/companies/movement-labs/jobs/data-engineer-senior-data-engineer,90000,99000,$90000 - $99000,2026-05-10
Himalayas,,"Senior Commercial Data Operations Analyst  - Healthcare - UK, Ireland, Spain, Li",Dexcom,Spain,Remote,Full Time,"<h3>The Company </h3><p><a href=""https://himalayas.app/companies/dexcom"">Dexcom</a> Corporation (NASDAQ DXCM) is a pioneer and global leader in continuous glucose monitoring (CGM). <a href=""https://himalayas.app/companies/dexcom"">Dexcom</a> began as a small company with a big dream: To forever change how diabetes is managed. To unlock information and insights that drive better health outcomes. Here we are 25 years later, having pioneered an industry. And we're just getting started. We are broadening our vision beyond diabetes to empower people to take control of health. That means personalized, actionable insights aimed at solving important health challenges. To continue what we've started: Improving human health. </p><p>We are driven by thousands of ambitious, passionate people worldwide who are willing to fight like warriors to earn the trust of our customers by listening, serving with integrity, thinking big, and being dependable. We've already changed millions of lives and we're re",Commercial-Data-Operations|Master-Data-Management|Data-&-Analytics|Healthcare-Data-Management|CRM-Operations,,https://himalayas.app/companies/dexcom/jobs/senior-commercial-data-operations-analyst-healthcare-uk-ireland-spain-li,,,,2026-05-10
Himalayas,,Data Governance Specialist,STACK IT Recruitment,Canada,Remote,Full Time,"<p>📊 <strong>Do you thrive in environments where influence, curiosity, and data come together to drive real business impact? </strong></p><p>We’re partnering with a fast-growing, Toronto-based SaaS organization that’s redefining how companies approach financial planning and analytics. As they continue to invest in Data &amp; AI, they’re looking for a<strong> Data Governance Specialist</strong> who can help shape how data is trusted, structured, and leveraged across the business. </p><p>This is not a checkbox governance role. It’s a high-impact, highly visible opportunity to build relationships across teams, influence how data is created and used, and help lay the foundation for AI-ready data in a modern, evolving environment. </p><p>💻<strong> Who You Are </strong></p><ul><li>You’re someone who doesn’t just understand data, you understand people. </li><li>You’re naturally curious, comfortable navigating ambiguity, and confident asking the kinds of questions that uncover gaps others miss",Data-Governance-Specialist|Data-Governance|Data-Management|Data-Stewardship|Data-Quality-Management,,https://himalayas.app/companies/stack-it-recruitment/jobs/data-governance-specialist,120000,150000,$120000 - $150000,2026-05-10
Himalayas,,Data Lead,Parvana,United States,Remote,Full Time,"Category: IT Services <br><br>Location: <br><br><br><div><b>Location:</b> South Africa | <b>Work Type:</b> Remote | <b>Job ID:</b> J107154<br></div><div><b>About our client:</b><br></div><div>Over the past 20 years, our client has built a stellar reputation in the development and system integration space. Through their extremely ethical values, they have earned the trust and respect of their clients. They prioritise finding effective solutions over being proficient in any particular technology making each project unique and challenging. Our client is continuously growing and looking for adaptable individuals who are interested in the latest tech, who enjoy problem solving and enjoy adapting to optimise continuous improvement for their clients. This requires a candidate who enjoys staying up-to-date with the latest technology trends and who is adaptable. Our client boasts an impressively low staff turnover rate and has a cosmopolitan culture that values building long-term relationships.",Data-Engineering|Data-Architecture|Data-Strategy|GCP-Data-Engineering|Data-Leadership,,https://himalayas.app/companies/parvana/jobs/data-lead,,,,2026-05-10
Himalayas,,Data Analyst (m/f/d),EIT RawMaterials,"Austria, Belgium, Germany, Hungary, Italy, Latvia, Poland, Slovenia",Remote,Full Time,"<p><a href=""https://himalayas.app/companies/eit-rawmaterials"">EIT RawMaterials</a> is seeking a Data Analyst (m/f/d) to support data-driven decision-making by transforming complex commodities and market data into clear, actionable insights. The role focuses on building high-quality dashboards, analysing trends in minerals and metals markets, and working closely with internal stakeholders to deliver reliable reporting, meaningful insights, and self-service analytics solutions that support innovation, strategy, and product development activities.</p><h3>Requirements</h3><ul><li>Design, build and maintain interactive dashboards and reports (e.g. in Power BI, Tableau, Qlik, or similar tools) for internal stakeholders.</li><li>Perform exploratory data analysis on commodity price data, market indices, supply-demand indicators, and other relevant datasets.</li><li>Develop KPIs and metrics to monitor market developments and internal performance indicators.</li></ul><h3>Benefits</h3><ul><li>Fle",Data-Analyst|German-Speaking-Data-Analyst|Data-Analyst-Jobs|Data-Operations-Analyst|Senior-Data-Analyst|Data-Management-Analyst|Data-Analysis-Specialist,,https://himalayas.app/companies/eit-rawmaterials/jobs/data-analyst-m-f-d,,,,2026-05-10
Himalayas,,AI Data Analyst,Celestica,India,Remote,Full Time,"<p>The AI Data Analyst will design, develop, document, and maintain data pipelines and architectures, working closely with IT, Data Engineering, and Data Science teams to deliver artificial intelligence and machine learning solutions.</p><h3>Requirements</h3><ul><li>Collaborate with IT and Data Science teams to gather technical requirements, ensuring data availability and system readiness for AI integration.</li><li>Design, build, and optimize data pipelines (ETL/ELT) to prepare, clean, and structure datasets for machine learning models and large language models (LLMs).</li><li>Work within Google Cloud environments to manage datasets, orchestrate data flows, and support model deployment.</li><li>Respond to system, API, and data pipeline problems by troubleshooting data anomalies, analyzing logs, and determining the technical course of action.</li><li>Develop and maintain technical documentation for data architectures, API integrations, and AI workflows.</li><li>Participate in the confi",Data-Analyst-Jobs|AI-Data-Quality-Analyst-Jobs|IT-Data-Analyst|Data-&-Analytics-Jobs|AI-Data-Specialist|Data-Science-&-Analytics-Jobs|AI-Data-Analytics|Data-Analyst,,https://himalayas.app/companies/celestica/jobs/ai-data-analyst,,,,2026-05-10
Himalayas,,Unanet Data Manager,Aprio,United States,Remote,Full Time,"<p>Join <a href=""https://himalayas.app/companies/aprio"">Aprio</a>'s Technology Advisory team as a Unanet Data Manager to help clients maximize their opportunities using Unanet ERP (GovCon) and related technologies. This is an incredible opportunity for an entrepreneurial-minded individual to contribute to a rapidly growing GovCon-centric practice within our firm.</p><h3>Requirements</h3><ul><li>6+ years in data analytics, reporting, or a related role.</li><li>AI Proficiency: Experience using AI-assisted tools for data analysis, reporting, or documentation.</li><li>Extensive experience with SQL, SSRS, Unanet Data Lake, Unanet Applications, and Power BI.</li><li>Strong background in relational databases and data architecture.</li><li>Understanding of AEC or GovCon industries, including project-based accounting.</li></ul><h3>Benefits</h3><ul><li>Medical, Dental, and Vision Insurance on the first day of employment</li><li>Flexible Spending Account and Dependent Care Account</li><li>401k wi",Data-Management-Jobs|Data-Systems-Manager|Data-Management-Analyst|Associate-Data-Manager|Data-Support-Manager|Data-Management-Engineer,,https://himalayas.app/companies/aprio/jobs/unanet-data-manager,115000,145000,$115000 - $145000,2026-05-10
Himalayas,,Data Analyst (m/w/d),E. Breuninger GmbH & Co.,Germany,Remote,Full Time,"<p>As a Data Analyst, you will analyze and link relevant data along the Onsite Customer Journey, identify optimization potential, and derive concrete action recommendations with business impact from it.</p><h3>Requirements</h3><ul><li>Conducting analyses of user behavior along the entire Onsite Customer Journey with a focus on Conversion, Engagement, and Business Impact</li><li>Deriving actionable insights from tracking data (Webshop and App) as well as identifying performance drivers and optimization measures</li><li>Comprehensive analytical accompaniment of A/B tests in the framework of iterative and exploratory product development, as well as sparring partner for product teams and business owners</li><li>Close cooperation with stakeholders to define relevant questions and derive data-based decisions</li><li>Preparation of complex analyses as well as development of dashboards and visualizations to support the departments</li><li>Building and further development of self-service analyt",Data-Analyst|German-Speaking-Data-Analyst|Data-Analyst-Jobs|Data-Operations-Analyst|Data-Management-Analyst|Data-Analysis-Specialist,,https://himalayas.app/companies/e-breuninger-gmbh-co/jobs/data-analyst-m-w-d,,,,2026-05-10
Himalayas,,Data Engineer/Analyst,Braiins,Czechia,Remote,Full Time,"<p>We're looking for a Data Engineer/Analyst to help us maintain and improve our data infrastructure and pipelines, working closely with technical and business teams to ensure clean, reliable data flows across our systems.</p><h3>Requirements</h3><ul><li>Manage and optimize source data domains, ensuring data integrity and consistency across different systems.</li><li>Collaborate with infrastructure teams to maintain data availability and reliability.</li><li>Optimize data integration processes, implement and enforce retention policies, and verify data is stored efficiently and securely.</li><li>Maintain and enhance the current data infrastructure, manage and optimize PostgreSQL databases, Airbyte, Airflow, dbt and associated configurations.</li><li>Ensure system reliability and uptime, monitor and troubleshoot data pipelines, and utilize workflow automation tools to maintain data processes.</li><li>Gradually improve the data environment while considering modern data warehouse principle",Data-Analytics-Engineer|Data-Analyst-Jobs|Associate-Data-Engineer|Data-Analyst,,https://himalayas.app/companies/braiins/jobs/data-engineer-analyst,,,,2026-05-10
Himalayas,,VP Data & ML Platforms,Datavant,United States,Remote,Full Time,"<div class=""content-intro""><p><a href=""https://himalayas.app/companies/datavant"">Datavant</a> is the data collaboration platform trusted for healthcare. Guided by our mission to make the world’s health data secure, accessible and actionable, we provide critical data solutions for organizations across the healthcare ecosystem - including providers, health plans, researchers, and life sciences companies. From fulfilling a single patient’s request for their medical records to powering the AI revolution in healthcare, <a href=""https://himalayas.app/companies/datavant"">Datavant</a>ers are building the future of how data is connected and used to improve health. <br><br>By joining <a href=""https://himalayas.app/companies/datavant"">Datavant</a> today, you’re stepping onto a driven and highly collaborative team that is passionate about creating transformative change in healthcare.</p></div><p>The VP of Data &amp; ML Platforms is a senior executive accountable for the strategy, architecture, and",Platform-&-Infrastructure-Engineering|Data-Engineering|Machine-Learning|Data-Architecture|Executive-Leadership,,https://himalayas.app/companies/datavant/jobs/vp-data-ml-platforms-4553081919,250000,300000,$250000 - $300000,2026-05-10
Himalayas,,Data and MI Manager,Capita,United Kingdom,Remote,Full Time,"We’re seeking a hands-on, insight-driven Data and MI Manager to lead the delivery and operationalisation of Snowflake as the core data and management information platform across <a href=""https://himalayas.app/companies/capita"">Capita</a>’s Citizen Contact operations.<br><br>You’ll ensure data is accessible, reliable and actionable, providing consistent management information, analytics and insight to support operational delivery, transformation programmes and strategic decision-making.<br><br>Working closely with operational, transformation, engineering and analytics teams, you’ll bridge data engineering, analytics and MI delivery to ensure Snowflake is fully embedded as the single source of truth across the operation.<br><br>You’ll play a critical role in enabling data-led decision-making by designing, delivering and embedding Snowflake-based data products that support operational performance, transformation outcomes and executive reporting.<h3>Job title:</h3>Data and MI Manager<h3>Jo",Data-Management|Management-Information|Data-Engineering|Data-Analytics|Data-Platform|Snowflake|Data-And-MI-Manager|Data-Analytics-Manager|MI-Manager,,https://himalayas.app/companies/capita/jobs/data-and-mi-manager-6837080016,,,,2026-05-10
Himalayas,,Data Engineer,Acxiom,Poland,Remote,Full Time,"<p>Data Engineer designs and builds components of enterprise services, partnering with other development teams to ensure alignment of information and technology strategies focusing on integration, data provisioning, and reporting and analytics.</p><h3>Requirements</h3><ul><li>Consistently provides proven, formal mentorship</li><li>Lead High and Moderate complexity assignments</li><li>Provide oversight/review on Low complexity assignments</li><li>Regularly lead self and others and/or established as a specialist/SME</li></ul><p>Originally posted on <a href=""https://himalayas.app"">Himalayas</a></p>",Data-Engineer|Data-Engineering-Positions|Senior-Data-Engineer-Jobs|Lead-Data-Engineer-Jobs,,https://himalayas.app/companies/acxiom/jobs/data-engineer,,,,2026-05-10
Himalayas,,CRM Data Administrator,Linktree,South Africa,Remote,Full Time,"<p>We are looking for a detail-oriented CRM Data Administrator to manage and maintain customer relationship management systems for our UK-based clients.</p><h3>Requirements</h3><ul><li>Experience working with CRM systems (HubSpot, Salesforce, Zoho, or similar)</li><li>Strong attention to detail and data accuracy</li><li>Proficiency in Microsoft Excel or Google Sheets</li><li>Good written communication skills in English</li><li>Ability to work independently and manage priorities</li></ul><h3>Benefits</h3><ul><li>Competitive salary of R12,000 – R20,000/month</li><li>Fully remote — work from anywhere in South Africa</li><li>Comprehensive training and onboarding</li></ul><p>Originally posted on <a href=""https://himalayas.app"">Himalayas</a></p>",CRM-Analyst|CRM-Administrator|Data-Management-Analyst|Data-Operations-Analyst|Data-Analyst,,https://himalayas.app/companies/linktree/jobs/crm-data-administrator,144000,240000,$144000 - $240000,2026-05-10
Himalayas,,2026-7928 Data Engineer-Mid (Night Shift),Arch Global Services (Philippines) Inc.,Philippines,Remote,Full Time,"<p>AGSI is a dynamic team at Arch that implements innovative insurance pricing models and analytical tools. The Data Engineer will work closely with leaders across the company on high-profile analytics projects, providing technical guidance and sound engineering practices. They will advance the implementation capabilities and help the team deliver solutions faster.</p><h3>Requirements</h3><ul><li>Work with strategic partners to solve business problems by developing best-in-class data solutions</li><li>Perform data manipulation using SQL and Python to develop data assets</li><li>Leverage technology to automate data ingestion, transformation and integration</li><li>Provide the appropriate level of documentation of sources and technical solutions</li><li>Evaluate data quality and completeness</li><li>Build strong partnerships with peers across the organization to support data-related goals</li><li>Explore new technologies and data sources with curiosity and creativity</li><li>Identify, de",Data-Engineering-Positions|Data-Engineer,,https://himalayas.app/companies/archcapgroup/jobs/2026-7928-data-engineer-mid-night-shift,,,,2026-05-10
Himalayas,,Data Researcher,Easy Outsource,United States,Remote,Full Time,"<h3>This is a remote position.</h3><p dir=""ltr"">Position Overview: We are seeking a detail-oriented and analytical Data Researcher to join our dynamic team. The ideal candidate will have a strong background in data research, exceptional verbal communication skills, and proficiency in survey methodologies and data entry. This role will be instrumental in gathering, analyzing, and interpreting data to support various projects and initiatives within the company.</p><h3>Key Responsibilities:</h3><ul><li dir=""ltr""><p dir=""ltr"">Conduct in-depth data research using a variety of sources and methodologies to gather relevant information.</p></li><li dir=""ltr""><p dir=""ltr"">Design and implement surveys to collect primary data from target audiences or stakeholders.</p></li><li dir=""ltr""><p dir=""ltr"">Perform data entry tasks to input and maintain accurate information in databases and spreadsheets.</p></li><li dir=""ltr""><p dir=""ltr"">Analyze and interpret data to uncover trends, patterns, and insights",Data-&-Research|Market-Research|Data-Analysis|Survey-Research|Data-Entry,,https://himalayas.app/companies/easy-outsource/jobs/data-researcher,,,,2026-05-10
Himalayas,,"Research Engineer,Data",Bitdeer Technologies Group,Singapore,Remote,Full Time,"<p>Bitdeer AI Lab is looking for a Research Engineer to help build the data foundation for frontier AI models. The role involves designing and implementing large-scale data processing pipelines, acquiring training data from open-source corpora, and validating data quality through proxy training runs and downstream evaluations.</p><h3>Requirements</h3><ul><li>Strong Python engineering skills</li><li>Experience with distributed data processing frameworks</li><li>Solid experience with large-scale data processing pipelines</li><li>Experience acquiring training data from open-source corpora</li><li>Experience designing training data mixtures</li><li>Experience validating data quality</li><li>Experience with synthetic data generation and data augmentation</li></ul><h3>Benefits</h3><ul><li>Attractive welfare benefits</li><li>Developmental opportunities such as training and mentoring</li></ul><p>Originally posted on <a href=""https://himalayas.app"">Himalayas</a></p>",Research-Engineer|Data-Researcher|Research-Data-Analyst,,https://himalayas.app/companies/bitdeer-technologies-group/jobs/research-engineer-data,,,,2026-05-10
Himalayas,,IT - Sr. Data Engineer 3,ArchWell Health,United States,Remote,Full Time,"<p><a href=""https://himalayas.app/companies/archwell-health"">ArchWell Health</a> is a new, innovative healthcare provider devoted to improving the lives of our senior members. We deliver best-in-class care at comfortable, accessible neighborhood clinics where seniors can feel at home and become part of a vibrant, wellness-focused community.</p><h3>Requirements</h3><ul><li>Build data integrations from internal and external sources to centralize data into a Data Warehouse environment.</li><li>Monitor data integration operations, data quality, troubleshoot, and resolve problems.</li><li>Profile data sources and map to target table formats.</li><li>Develop and monitor data quality processes and address problems.</li><li>Develop, unit test and system test integration components.</li><li>Create support documentation describing the functionality of the integrations.</li><li>Participating in technical design &amp; requirements gathering meetings.</li><li>Participate in planning and implementin",Senior-Data-Engineer|Senior-Staff-Data-Engineer|Data-Engineer-Senior|Data-Senior-Engineer|Senior-Data-Engineer-Jobs,,https://himalayas.app/companies/archwell-health/jobs/it-sr-data-engineer-3,,,,2026-05-10
Himalayas,,Data Contributor,StartupBlink,Serbia,Remote,Volunteer,"<div class=""description""><p><strong>At <a href=""https://himalayas.app/companies/startupblink"">StartupBlink</a> we are looking for highly-motivated data contributors to help us with the Global Startup Ecosystem Index.</strong></p><h3>About us:</h3><p><a href=""http://www.startupblink.com/"" rel=""nofollow ugc noopener noreferrer"" target=""_blank""></a></p><p><a href=""https://www.startupblink.com/"" rel=""nofollow ugc noopener noreferrer"" target=""_blank""></a><a href=""https://himalayas.app/companies/startupblink"">StartupBlink</a> is a global startup ecosystem map and research center, used by hundreds of thousands of stakeholders, and partnered with over 100 governments.<br>Our team is remote and highly motivated. This is a full-time engagement in Europe’s time zone.<br>This job will allow you to develop critical expertise and career skills, and work with impressive clients and partners.</p><h3><strong>What We Offer </strong></h3><p><strong>This is an unpaid position for Juniors / Students who wa",Data-And-Research|Research-Analyst|Market-Research|Startup-Ecosystem-Research|Data-&-Research,,https://himalayas.app/companies/startupblink/jobs/data-contributor-9622270242,,,,2026-05-10
Himalayas,,IT Data Engineer III - Remote,Paradigm,United States,Remote,Full Time,"<p><a href=""https://himalayas.app/companies/paradigmins"">Paradigm</a> is seeking a full-time, remote Data Engineer III to design, build, and maintain robust data pipelines and architectures. The ideal candidate has a strong technical background in data integration, data modeling, and modern data engineering tools, with demonstrated experience working independently to prioritize data projects.</p><h3>Requirements</h3><ul><li>Design and maintain data architectures</li><li>Develop and optimize data pipelines</li><li>Collaborate with cross-functional teams</li><li>Implement data quality and security controls</li><li>Document and refine data engineering change management policies</li><li>Evaluate and implement new technologies</li><li>Support ad hoc data needs</li><li>Provide production support and monitoring</li><li>Champion data-driven culture</li></ul><h3>Benefits</h3><ul><li>PPO, HDHP, and HMO health insurance options</li><li>401(k) matching contributions</li><li>Employer-paid life and ",Remote-Mid-Level-Data-Engineer|Remote-Data-Engineer|Data-Engineer|Remote-Senior-Data-Engineer---Healthcare,,https://himalayas.app/companies/paradigmins/jobs/it-data-engineer-iii-remote,115000,140000,$115000 - $140000,2026-05-10
Himalayas,,"Data Operations Manager (LatAm, Remote)",AltiSales,"Argentina, Bolivia, Brazil, Chile, Colombia, Costa Rica, Dominican Republic, Ecuador, Guatemala, Honduras, Mexico, Nicaragua, Panama, Paraguay, Peru, Uruguay, Venezuela",Remote,Full Time,"<h3>About the company</h3><p><a href=""https://himalayas.app/companies/altisales"">AltiSales</a> is a leading global professional services company, providing a broad range of services and solutions in strategy, consulting, technology, and operations of Sales and Sales Development. <a href=""https://himalayas.app/companies/altisales"">AltiSales</a> lives in the intersection of 3 industries: Consulting, Outsourcing, and Venture Capital. We work with clients to create a sustainable and scalable revenue engine that can later be brought in-house as the teams grow from a few Sales Development Representatives to dozens of them.</p><p><a href=""https://himalayas.app/companies/altisales"">AltiSales</a> was founded in 2012 by Tito Bohrt, who himself spent over a year making cold calls, and over 6 years in Sales Development. Tito has hired and trained over 100 SDRs including some of the best performers at public companies like Citrix. Today Tito leads <a href=""https://himalayas.app/companies/altisales""",Data-Operations-Manager|Data-Operations|Data-Management|B2B-Marketing|Marketing-Operations|Account-Based-Marketing,,https://himalayas.app/companies/altisales/jobs/data-operations-manager-latam-remote,,,,2026-05-10
Himalayas,,Senior Machine Learning Engineer: Search Quality,Constructor,Spain,Remote,Full Time,"<p>Launched in 2019, <a href=""https://himalayas.app/companies/constructor"">Constructor</a> is an AI-first ecommerce search and discovery platform that helps shoppers find the right products at the right time and enables leading global e-commerce brands to drive meaningful revenue and conversion gains.</p><p>As a Senior Machine Learning Engineer in the Search Quality team, you will improve the e-commerce experience for hundreds of millions of users across the world by building the systems that power relevance for global retailers - from fashion and grocery to electronics and hardware.</p><p>The mission is to measure search quality, push it higher, and catch degradations before the user does. You will achieve this through a blend of fine-tuned LLMs for relevance judgment, real-time models, and deep offline analysis of query logs.</p><h3><strong>About the Job</strong></h3><p>Your primary focus will be relevance evaluation and quality improvements:</p><ul><li>LLM-based evaluation. We fine-",Machine-Learning-Engineering|Search-Engineering|AI-ML-Engineering|Backend-Engineering|Search-Quality-Engineering,,https://himalayas.app/companies/constructor/jobs/senior-machine-learning-engineer-search-quality,80000,120000,$80000 - $120000,2026-05-10
Himalayas,,Staff Machine Learning Engineer,SuperDial,United States,Remote,Full Time,"<p>We are hiring a Machine Learning Engineer to fine-tune and improve LLMs for healthcare-specific agentic conversations and actions, with an initial focus on revenue cycle management (RCM).</p><h3>Requirements</h3><ul><li>Hands-on experience fine-tuning open-source LLMs using supervised fine-tuning (SFT) pipelines.</li><li>Strong Python and PyTorch skills.</li><li>Experience with LLM tooling such as Hugging Face Transformers, PEFT, TRL, Axolotl, DeepSpeed, FSDP, vLLM, or similar frameworks.</li><li>Experience preparing, cleaning, labeling, and validating instruction-tuning datasets.</li><li>Familiarity with agentic LLM systems, including tool calling, structured generation, retrieval, or workflow execution.</li><li>Experience evaluating LLMs using offline benchmarks, human review, regression testing, or production feedback.</li><li>Strong debugging skills and the ability to systematically improve model behavior.</li></ul><h3>Benefits</h3><ul><li>Competitive compensation</li><li>Equity",Staff-Machine-Learning-Engineer|Staff-ML-Engineer|Senior-Staff-Machine-Learning-Engineer|Senior-Machine-Learning-Engineer|Machine-Learning-Engineer,,https://himalayas.app/companies/superdial/jobs/staff-machine-learning-engineer,225000,325000,$225000 - $325000,2026-05-10
Himalayas,,Machine Learning Developer (Freelance),Mindrift,Australia,Remote,Part Time,"<p><em>Please submit your CV in English and indicate your level of English proficiency.</em></p><p><a href=""https://himalayas.app/companies/mindrift"">Mindrift</a> connects specialists with project-based AI opportunities for leading tech companies, focused on testing, evaluating, and improving AI systems. <strong>Participation is project-based, not permanent employment.</strong></p><h3>What this opportunity involves </h3><p>While each project involves unique tasks, contributors may: </p><ul><li>Design original computational STEM problems that simulate real scientific workflows</li><li>Create problems that require Python programming to solve</li><li>Ensure problems are computationally intensive and cannot be solved manually within reasonable timeframes (days/weeks)</li><li>Develop problems requiring non-trivial reasoning chains and creative problem-solving approaches</li><li>Verify solutions using Python with standard libraries (Numpy, Pandas, Scipy, scikit-learn)</li><li>Document proble",Machine-Learning-Engineer|Python-Developer|AI-ML-Specialist|Freelance-ML-Developer|Data-Science-Freelancer,,https://himalayas.app/companies/mindrift/jobs/machine-learning-developer-freelance-6794652565,114400,114400,$114400 - $114400,2026-05-10
Himalayas,,Machine Learning Software Engineer II,Cambium Learning Group,United States,Remote,Full Time,"<p style=""text-align:left"">Cambium Learning® Group is an award-winning educational technology solutions leader dedicated to helping all students reach their potential through individualized and differentiated instruction. Using a research-based, personalized approach, <a href=""https://himalayas.app/companies/cambium-learning-group"">Cambium Learning Group</a> delivers SaaS resources and instructional products that engage students and support teachers in fun, positive, safe and scalable environments. These solutions are provided through Learning A-Z® (online differentiated instruction for elementary school reading, writing and science), ExploreLearning® (online interactive math and science simulations, a math fact fluency solution, and a K–2 science solution), Voyager Sopris Learning® (blended solutions that accelerate struggling learners to achieve in literacy and math and professional development for teachers), and VKidz Learning (online comprehensive homeschool education and programs ",Machine-Learning-Engineering|MLOps|Software-Engineering|AWS-Cloud-Architecture|AI-Product-Development,,https://himalayas.app/companies/cambium-learning-group/jobs/machine-learning-software-engineer-ii,,,,2026-05-10
Himalayas,,Staff Machine Learning Engineer,Zendesk,Ireland,Remote,Full Time,"<h3>Job Description</h3><h3>About the team</h3><p>At <a href=""https://himalayas.app/companies/zendesk"">Zendesk</a>, we truly believe that to build great products you have to have great people. We enjoy working with other smart, focused people who care about both the products and the code they write. We value collaboration and release frequently. We like and use agile processes and believe that pragmatism always triumphs over dogmatism. We all own the product or service we work on and enjoy the impact we have improving it.</p><p>Our mission is to elevate <a href=""https://himalayas.app/companies/zendesk"">Zendesk</a>’s routing and presence products to their next stage — from a rules-based engine to an agentic routing engine where intelligent, adaptive decisioning is the core differentiator. Routing in a realtime, omnichannel world is a complex problem domain that needs a robust, scalable and maintainable solution. Our recent partnership with the Machine Learning team delivered Predictive ",Machine-Learning-Engineering|Software-Engineering|AI-Engineering|Routing-Systems-Engineer|Agentic-AI-Engineer,,https://himalayas.app/companies/zendesk/jobs/staff-machine-learning-engineer,,,,2026-05-10
Himalayas,,Staff Machine Learning Research Scientist,SmarterDx,United States,Remote,Full Time,"<div class=""content-intro""><p><a href=""https://himalayas.app/companies/smarterdx"">SmarterDx</a>, a <a href=""https://www.smartertech.com/home-p"" rel=""nofollow ugc noopener noreferrer"" target=""_blank"">Smarter Technologies</a> company, builds clinical AI that is transforming how hospitals translate care into payment. Founded by physicians in 2020, our platform connects clinical context with revenue intelligence, helping health systems recover millions in missed revenue, improve quality scores, and appeal every denial. Become a Smartian and help optimize the way the healthcare system works for everyone. Learn more at <a class=""c-link"" href=""http://smarterdx.com/careers"" data-stringify-link=""http://smarterdx.com/careers"" data-sk=""tooltip_parent"" rel=""nofollow ugc noopener noreferrer"" target=""_blank"">smarterdx.com/careers</a>.</p></div><p>As a Staff Machine Learning Research Scientist at <a href=""https://himalayas.app/companies/smarterdx"">SmarterDx</a>, you will set technical direction for c",Machine-Learning-Research|Data-Science|Research-Science|Natural-Language-Processing|AI-Research,,https://himalayas.app/companies/smarterdx/jobs/staff-machine-learning-research-scientist,220000,260000,$220000 - $260000,2026-05-10
Himalayas,,Remote | ML Model Development & MLOps Expert — $95–$135/hour,24-MAG,United States,Remote,Full Time,"<p><strong style=""font-family: inherit; font-size: 0.875rem;"">We are sharing a specialised part-time consulting opportunity for professionals experienced in machine learning engineering, model development, Python, ML frameworks, model deployment, MLOps, and structured AI workflow review.</strong></p><p>This role supports current and upcoming remote consulting opportunities focused on machine learning model evaluation, ML engineering workflow review, model deployment assessment, MLOps documentation, technical task development, and high-quality project execution. Selected professionals will apply their machine learning engineering expertise to review realistic ML scenarios, evaluate technical outputs, prepare structured written feedback, and support accurate, evidence-based AI engineering workflow tasks.</p><h3>Key Responsibilities</h3><h3>Professionals in this role may contribute to:</h3><h3>Machine Learning Model Development Review</h3><ul><li>Review machine learning scenarios involvin",Machine-Learning-Engineering|MLOps|Model-Development,,https://himalayas.app/companies/24-mag/jobs/remote-ml-model-development-mlops-expert-95-135-hour,197600,280800,$197600 - $280800,2026-05-10
Himalayas,,Machine Learning Engineer,Mindera,South Africa,Remote,Full Time,"<p>We are looking for a <strong>ML Engineer </strong> to work closely with the ML Architect to develop on ML frameworks (TensorFlow, Scikit-Learn, Pytorch), Experimentation platform and tools.</p><h3>This role has the responsabilities to:</h3><ul><li>Develop large-scale distributed machine learning systems that are scalable, performant, efficient, and reliable</li><li>Collaborating with cross-functional teams to help deploy/integrate machine learning models. </li><li>Liaise with the BUs for their ML needs and work on the cross-BU ML portfolio.</li><li>Optimize feature extraction, transformation and selection. </li><li>Work with and manage.</li><li>Feature Stores for reusability across ML pipelines.</li><li>Ensure scalability, reliability, cost efficiency, and ease of use of the machine learning platform</li><li>Contribute to evaluating and adopting new technologies and tools to enhance our machine-learning capabilities</li></ul><h3>Requirements</h3><ul><li>5+ years of experience as a <",Machine-Learning-Engineer|ML-Engineer|AI-Engineer|Data-Science-Engineer|MLOps-Engineer,,https://himalayas.app/companies/mindera/jobs/machine-learning-engineer-9596562383,,,,2026-05-10
Himalayas,,AI Data Specialist,CACI International Inc,United States,Remote,Full Time,"Job Title: AI Data SpecialistJob Category: Information TechnologyTime Type: Full timeMinimum Clearance Required to Start: NoneEmployee Type: RegularPercentage of Travel Required: NoneType of Travel: None* * *<p><b><u>The Opportunity:</u></b><br>We are seeking an experienced AI Data Specialist to support the implementation and optimization of AI technologies on a government contract. This position will identify opportunities to leverage AI to improve operational efficiency and reduce costs, while ensuring compliance with the customer’s Trustworthy AI Framework.<br><br><b><u>Responsibilities:</u></b></p><ul><li><p>Identify areas where AI can be implemented to gain efficiencies and reduce costs across the organization</p></li><li><p>Develop and integrate AI-driven technical solutions to realize identified benefits.</p></li><li><p>Ensure all AI implementations adhere to six AI Principles: Purposeful, Effective and Safe, Secure and Private, Fair and Equitable, Transparent and Explainable, a",AI-Data-Specialist|Machine-Learning-Specialist|AI-Solutions-Engineer|Data-Analytics-Specialist|AI-Implementation-Specialist,,https://himalayas.app/companies/caci-international-inc/jobs/ai-data-specialist,75200,158100,$75200 - $158100,2026-05-10
Himalayas,,"Manager, Machine Learning Engineering (Underwriting)",Affirm,United States,Remote,Full Time,"<div class=""content-intro""><p><a href=""https://himalayas.app/companies/affirm"">Affirm</a> is reinventing credit to make it more honest and friendly, giving consumers the flexibility to buy now and pay later without any hidden fees or compounding interest.</p></div><p>Join <a href=""https://himalayas.app/companies/affirm"">Affirm</a> as a Machine Learning Engineering Manager and become a pivotal part of our innovative underwriting machine learning group. Specifically, you will manage a team of ML engineers that builds our economic decisioning engine, using novel ML techniques and rich representations of data to underwrite and optimize applications based on expected returns, lifetime value, and predicted conversion. </p><p>In this role, you will help shape the future of machine learning at <a href=""https://himalayas.app/companies/affirm"">Affirm</a>. You’ll partner with engineering, product, and risk leaders to design, implement, and scale advanced ML solutions that drive critical capabilit",Machine-Learning-Engineering|ML-Engineering-Management|ML-Leadership|Underwriting-Machine-Learning|AI-ML-Management,,https://himalayas.app/companies/affirm/jobs/manager-machine-learning-engineering-underwriting,200000,275000,$200000 - $275000,2026-05-10
Himalayas,,Senior Data Scientist,Booksy,United Kingdom,Remote,Full Time,"<h3>Senior Data Scientist</h3><p>A career at <strong><a href=""https://himalayas.app/companies/booksy-net"">Booksy</a></strong> means you’re part of a global team focused on helping people around the world feel great about themselves, every day. From empowering entrepreneurs to build successful businesses, to supporting customers in arranging their “me time” moments, we’re in the business of helping people thrive.</p><p>Working in a fast-moving scale-up where priorities shift and not everything is perfectly defined is not for everyone. If you prefer rigid scope, narrow ownership, and purely research-focused roles, this likely is not your place. But if you enjoy defining problems properly, owning delivery end to end, and building data products that real customers use every day, you will feel right at home.</p><h3>The people you’ll like to work with and the impact you’ll enjoy driving:</h3><p>As a <strong>Senior Data Scientist</strong>, reporting to the <strong>Head of Data Science</strong",Data-Science|Machine-Learning|Senior-Data-Scientist|AI-Engineering|Data-Analytics,,https://himalayas.app/companies/booksy-net/jobs/senior-data-scientist-6449324521,,,,2026-05-10
Himalayas,,Senior AI Data Scientist,CACI International Inc,United States,Remote,Full Time,"Job Title: Senior AI Data ScientistJob Category: Information TechnologyTime Type: Full timeMinimum Clearance Required to Start: NoneEmployee Type: RegularPercentage of Travel Required: NoneType of Travel: None* * *<p><b><u>The Opportunity:</u></b><br>We are seeking an experienced Senior AI Data Scientist/Specialist to support the implementation and optimization of AI technologies on a government contract. This position will identify opportunities to leverage AI to improve operational efficiency and reduce costs, while ensuring compliance with the customer’s Trustworthy AI Framework.<br><br><b><u>Responsibilities:</u></b></p><ul><li><p>Identify areas where AI can be implemented to gain efficiencies and reduce costs across the organization</p></li><li><p>Develop and integrate AI-driven technical solutions to realize identified benefits</p></li><li><p>Ensure all AI implementations adhere to six AI Principles: Purposeful, Effective and Safe, Secure and Private, Fair and Equitable, Transpar",AI-Data-Science|Artificial-Intelligence|Machine-Learning|Data-Science|Government-IT,,https://himalayas.app/companies/caci-international-inc/jobs/senior-ai-data-scientist,114600,252100,$114600 - $252100,2026-05-10
Himalayas,,Machine Learning Engineer - Computer Vision,CompanyCam,United States,Remote,Full Time,"<div class=""content-intro""><h3>Hi, we’re <a href=""https://himalayas.app/companies/companycam"">CompanyCam</a>.</h3><p>We’re a simple-to-use photo documentation and productivity app for contractors of all commercial and home services industries. Packed with intuitive functionality, <a href=""https://himalayas.app/companies/companycam"">CompanyCam</a> facilitates unparalleled communication and accountability across a contractor’s entire business. We’re committed to providing a consumer-grade, game-changing experience that helps our users build trust within their company and with their customers.</p><p>But don’t let that corporate description fool you—the people behind our buttoned-up product are laid-back (but hardworking), genuine, and kickass, and you could be one of them!</p></div><h3>The Role</h3><p>We're looking for a <strong>Machine Learning Engineer</strong> with deep computer vision experience to join our ML team.</p><p>Contractors capture millions of jobsite photos through <a href=",Machine-Learning-Engineering|Computer-Vision-Engineering|Deep-Learning-Engineering|AI-Engineering|Software-Engineering,,https://himalayas.app/companies/companycam/jobs/machine-learning-engineer-computer-vision-3572360525,220000,250000,$220000 - $250000,2026-05-10
Himalayas,,"Manager, Machine Learning",Extend,United States,Remote,Full Time,"<div class=""content-intro""><h3>About <a href=""https://himalayas.app/companies/extend-app"">Extend</a>:</h3><div><div><a href=""https://himalayas.app/companies/extend-app"">Extend</a> is revolutionizing the post-purchase experience for retailers and their customers by providing merchants with AI-driven solutions that enhance customer satisfaction and drive revenue growth. Our comprehensive platform offers automated customer service handling, seamless returns/exchange management, end-to-end automated fulfillment, and product protection and shipping protection alongside <a href=""https://himalayas.app/companies/extend-app"">Extend</a>'s best-in-class fraud detection. By integrating leading-edge technology with exceptional customer service, <a href=""https://himalayas.app/companies/extend-app"">Extend</a> empowers businesses to build trust and loyalty among consumers while reducing costs and increasing profits.</div><div><br>Today, <a href=""https://himalayas.app/companies/extend-app"">Extend</a> w",Machine-Learning-Management|ML-Team-Lead|Fraud-Detection-Engineering|Risk-Assessment|Data-Science-Management,,https://himalayas.app/companies/extend-app/jobs/manager-machine-learning,180000,210000,$180000 - $210000,2026-05-10
Himalayas,,Senior Machine Learning Engineer (AI & Computer Vision),Nearmap,Australia,Remote,Full Time,"<p>Property intelligence company <a href=""https://himalayas.app/companies/nearmap"">Nearmap</a> is seeking a Senior Machine Learning Engineer to join its AI &amp; Computer Vision team. The role involves translating R&amp;D into actionable insights and developing algorithmic systems for creating conflated map data products. The team operates with daily stand-ups, close collaboration, and a culture of open communication.</p><h3>Requirements</h3><ul><li>Demonstrated 5+ year history working in a numerical field: e.g. applied maths, physical sciences, computer vision, geospatial analysis.</li><li>A demonstrated ability to produce high quality production numerical code with a focus on business outcomes.</li><li>Programming &amp; tech environments: ability to code in scientific python, using a Linux environment, and git for source control.</li><li>Machine learning fundamentals: appreciation of core ML concepts including regularisation, hyperparameter optimisation, and validation methods.</li><",Senior-Machine-Learning-Engineer|Senior-ML-Engineer|Senior-Staff-Machine-Learning-Engineer|Senior-Applied-ML-Engineer|Sr.-Staff-Machine-Learning-Engineer,,https://himalayas.app/companies/nearmap/jobs/senior-machine-learning-engineer-ai-computer-vision,,,,2026-05-10
Himalayas,,Sr./Staff Machine Learning Engineer,Oscilar,Canada,Remote,Full Time,"<p><a href=""https://himalayas.app/companies/oscilar"">Oscilar</a> is building the next generation of AI-powered risk decisioning for fintech. We are hiring a Machine Learning Engineer to build, deploy, and maintain the ML infrastructure that powers <a href=""https://himalayas.app/companies/oscilar"">Oscilar</a>. Depending on your level of experience, this role can be filled at the Senior or Staff level.</p><h3>Requirements</h3><ul><li>4+ years of experience building and maintaining production ML infrastructure.</li><li>Strong software engineering fundamentals, with experience designing distributed systems and writing high-quality, maintainable code.</li><li>Hands-on experience with the full ML lifecycle in production: feature engineering and serving, model deployment, monitoring, and retraining.</li><li>Proficiency in Scala and Python, with hands-on experience building data and ML workloads on distributed processing frameworks such as Spark and Flink.</li><li>Experience operating systems ",Sr.-Staff-Machine-Learning-Engineer|Senior-Staff-Machine-Learning-Engineer|Staff-Machine-Learning-Engineer|Senior-Machine-Learning-Engineer|Senior-AI-ML-Engineer|Staff-ML-Engineer|Senior-ML-Engineer|Senior-Applied-ML-Engineer,,https://himalayas.app/companies/oscilar/jobs/sr-staff-machine-learning-engineer,,,,2026-05-10
Himalayas,,Artificial Intelligence/ Machine Learning Engineer,WebBeds,Spain,Remote,Full Time,"<h3>About <a href=""https://himalayas.app/companies/webbeds"">WebBeds</a></h3><p>Launched in 2013, <a href=""https://himalayas.app/companies/webbeds"">WebBeds</a> is a global marketplace for the travel trade, providing powerful distribution solutions that make selling and buying travel products easier. It sources accommodation and destination services from travel suppliers, aggregates and merchandises that content in the <a href=""https://himalayas.app/companies/webbeds"">WebBeds</a> platform, then distributes it to its global network of travel trade buyers, who sell to the travelling public.<br><br>Hotels and other suppliers - global and regional hotel chains, independent hotels, apartments, resorts, attractions, transfer and sightseeing companies and more - can sell their products to a global network of online and offline travel buyers through robust solutions that provide greater inventory control to simplify distribution, and leverage <a href=""https://himalayas.app/companies/webbeds"">Web",AI-ML-Engineering|Machine-Learning-Engineer|Artificial-Intelligence-Engineer|Data-Science|Software-Engineering,,https://himalayas.app/companies/webbeds/jobs/artificial-intelligence-machine-learning-engineer,,,,2026-05-10
Himalayas,,Senior Machine Learning Engineer - Training Platform (AU remote),Canva,Australia,Remote,Full Time,"<p>We're looking for a Senior Machine Learning Engineer to join our Training Platform team. You'll design, scale, and mature the systems and infrastructure that support training workloads across <a href=""https://himalayas.app/companies/canva"">Canva</a>, collaborating with research scientists, AI engineers, product teams, and cloud/infrastructure teams. You'll have broad impact across multiple teams and help shape the roadmap for the platform.</p><h3>Requirements</h3><ul><li>Experience in training pipelines, distributed systems, or large-scale AI infrastructure</li><li>Strong experience working with Kubernetes and containerized workloads</li><li>Experience with training infrastructure, or distributed frameworks such as Ray, PyTorch distributed training, or similar technologies</li><li>Familiarity with modern cloud and infrastructure services that underpin high-performance AI workloads</li></ul><h3>Benefits</h3><ul><li>Equity packages</li><li>Inclusive parental leave policy</li><li>Annua",Senior-Machine-Learning-Engineer|Senior-AI-ML-Engineer|Senior-ML-Engineer|Senior-Staff-Machine-Learning-Engineer|Principal-ML-Platform-Engineer,,https://himalayas.app/companies/canva/jobs/senior-machine-learning-engineer-training-platform-au-remote,,,,2026-05-10
Himalayas,,Staff Machine Learning Engineer,Material Security,United States,Remote,Full Time,"<p>As a Machine Learning Engineer at <a href=""https://himalayas.app/companies/material-security"">Material Security</a>, you'll build, deploy, and maintain high-quality models to detect security relevant data and behavior, working with a team of experienced engineers to protect users and their privacy.</p><h3>Requirements</h3><ul><li>Design, build, train, and deploy machine learning models to detect sensitive data and malicious threats.</li><li>Write production-level code to convert ML models into working pipelines and participate in code reviews.</li><li>Architect scalable, reliable, and maintainable machine learning pipelines.</li></ul><h3>Benefits</h3><ul><li>401k Matching</li><li>Generous Paid Time Off</li><li>Tuition Reimbursement</li></ul><p>Originally posted on <a href=""https://himalayas.app"">Himalayas</a></p>",Staff-Machine-Learning-Engineer|Staff-ML-Engineer|Sr.-Staff-Machine-Learning-Engineer|Senior-Staff-Machine-Learning-Engineer|Staff-Machine-Learning-Engineering|Staff-Applied-AI-Engineer|Staff-AI-Engineer|Machine-Learning-Engineer|Senior-Machine-Learning-Engineer,,https://himalayas.app/companies/material-security/jobs/staff-machine-learning-engineer,225000,255000,$225000 - $255000,2026-05-10
Himalayas,,"Senior Machine Learning Engineer, Personalization, Magenta",Spotify,United States,Remote,Full Time,"<p>The Personalization team makes deciding what to play next easier and more enjoyable for every listener. We're building conversational AI capabilities that let users interact with <a href=""https://himalayas.app/companies/lifeatspotify"">Spotify</a> in natural language. You'll join a squad working at the core of this space, shaping how users discover and engage with audio through intelligent, responsive systems.</p><h3>Requirements</h3><ul><li>Design and ship production-grade machine learning systems powering conversational and agentic AI experiences</li><li>Build systems that interpret user intent, manage context across multi-turn interactions, and handle ambiguity reliably at scale</li><li>Develop and evolve agentic workflows including memory, context management, and multi-step tool orchestration</li><li>Create evaluation frameworks, including LLM-as-judge pipelines, to measure quality and guide iteration</li><li>Partner closely with product, engineering, and design to deliver seamle",Senior-Machine-Learning-Engineer|Senior-Staff-Machine-Learning-Engineer|Sr.-Staff-Machine-Learning-Engineer|Senior-AI-ML-Engineer|Senior-ML-Engineer|Senior-Machine-Learning-Backend-Engineer|Lead-Machine-Learning-Engineer|Senior-Machine-Learning-Engineering-Manager,,https://himalayas.app/companies/lifeatspotify/jobs/senior-machine-learning-engineer-personalization-magenta,184050,262928,$184050 - $262928,2026-05-10
Himalayas,,Senior Applied AI/ML Scientist,NobleAI,United States,Remote,Full Time,"<p><a href=""https://himalayas.app/companies/nobleai"">NobleAI</a> is a Science-Based AI platform that predicts complex systems, helping companies accelerate discovery, improve product and asset performance, and drive measurable commercial results across energy, chemistry, and manufacturing.</p><p><a href=""https://himalayas.app/companies/nobleai"">NobleAI</a> turns sparse, multi-source industrial data into predictive models and decision-grade insights. By combining physics and chemistry expertise with advanced machine learning, our platform improves resource recovery, asset performance, and product quality. We serve companies that rely on precise formulations and material composition to determine product performance, safety, and regulatory compliance for their chemical products. For those producing physical products at scale, we help ensure that ingredients, materials, and formulations drive quality, consistency, speed-to-market, and margin. Our solutions are also vital for companies deve",Machine-Learning-Scientist|Applied-AI-Scientist|AI-Research-Scientist|Data-Scientist|Deep-Learning-Engineer,,https://himalayas.app/companies/nobleai/jobs/senior-applied-ai-ml-scientist,190000,220000,$190000 - $220000,2026-05-10
Himalayas,,"Machine Learning Engineer, PhD Intern",Instacart,United States,Remote,Intern,"<div class=""content-intro""><h3>We're transforming the grocery industry</h3><p>At <a href=""https://himalayas.app/companies/instacart"">Instacart</a>, we invite the world to share love through food because we believe everyone should have access to the food they love and more time to enjoy it together. Where others see a simple need for grocery delivery, we see exciting complexity and endless opportunity to serve the varied needs of our community. We work to deliver an essential service that customers rely on to get their groceries and household goods, while also offering safe and flexible earnings opportunities to <a href=""https://himalayas.app/companies/instacart"">Instacart</a> Personal Shoppers.</p><p><a href=""https://himalayas.app/companies/instacart"">Instacart</a> has become a lifeline for millions of people, and we’re building the team to help push our shopping cart forward. If you’re ready to do the best work of your life, come join our table.</p><h3><a href=""https://himalayas.app/c",Machine-Learning-Engineer|AI-Research-Scientist|Deep-Learning-Research|Data-Science|LLM-Research|ML-Research-Scientist,,https://himalayas.app/companies/instacart/jobs/machine-learning-engineer-phd-intern-7437273511,87360,104000,$87360 - $104000,2026-05-10
Himalayas,,Machine Learning Engineer,Calendly,United States,Remote,Full Time,"<div class=""content-intro""><h4><strong>What’s in it for you? </strong></h4><p>Ready to make a serious impact? Millions of people already rely on <a href=""https://himalayas.app/companies/calendly"">Calendly</a>, and we’re still in the midst of exciting product growth — it’s a fantastic time to join us. Everything you’ll work on here will accelerate your career to the next level. If you want to learn, grow, and do the best work of your life alongside the best people you’ve ever worked with, then we hope you’ll consider allowing <a href=""https://himalayas.app/companies/calendly"">Calendly</a> to be a part of your professional journey.</p></div><h3>About the team &amp; opportunity </h3><p>What’s so great about working on <a href=""https://himalayas.app/companies/calendly"">Calendly</a>’s Data Science &amp; Machine Learning team? </p><p>We make things possible for our customers through innovation in data, analytics and AI.</p><p>Why do we need you? Well, we are looking for a Machine Learning En",Machine-Learning-Engineer|Data-Science|MLOps|Artificial-Intelligence|Data-Engineering,,https://himalayas.app/companies/calendly/jobs/machine-learning-engineer,168785.35,256156.59,$168785.35 - $256156.59,2026-05-10
Himalayas,,"Senior Machine Learning Engineer II, Growth Modeling",Instacart,United States,Remote,Full Time,"<div class=""content-intro""><h3>We're transforming the grocery industry</h3><p>At <a href=""https://himalayas.app/companies/instacart"">Instacart</a>, we invite the world to share love through food because we believe everyone should have access to the food they love and more time to enjoy it together. Where others see a simple need for grocery delivery, we see exciting complexity and endless opportunity to serve the varied needs of our community. We work to deliver an essential service that customers rely on to get their groceries and household goods, while also offering safe and flexible earnings opportunities to <a href=""https://himalayas.app/companies/instacart"">Instacart</a> Personal Shoppers.</p><p><a href=""https://himalayas.app/companies/instacart"">Instacart</a> has become a lifeline for millions of people, and we’re building the team to help push our shopping cart forward. If you’re ready to do the best work of your life, come join our table.</p><h3><a href=""https://himalayas.app/c",Machine-Learning-Engineer|AI-Engineering|Growth-Modeling|Data-Science|ML-Engineering,,https://himalayas.app/companies/instacart/jobs/senior-machine-learning-engineer-ii-growth-modeling-3754550370,201000,253000,$201000 - $253000,2026-05-10
Himalayas,,Freelance Machine Learning Engineer,Mindrift,Germany,Remote,Contractor,"<p><em>Please submit your CV in English and indicate your level of English proficiency.</em></p><p><a href=""https://himalayas.app/companies/mindrift"">Mindrift</a> connects specialists with project-based AI opportunities for leading tech companies, focused on testing, evaluating, and improving AI systems. <strong>Participation is project-based, not permanent employment.</strong></p><h3>What this opportunity involves </h3><p>While each project involves unique tasks, contributors may: </p><ul><li>Design original computational STEM problems that simulate real scientific workflows</li><li>Create problems that require Python programming to solve</li><li>Ensure problems are computationally intensive and cannot be solved manually within reasonable timeframes (days/weeks)</li><li>Develop problems requiring non-trivial reasoning chains and creative problem-solving approaches</li><li>Verify solutions using Python with standard libraries (Numpy, Pandas, Scipy, scikit-learn)</li><li>Document proble",Machine-Learning-Engineering|AI-Evaluation-Specialist|Data-Science|Python-Development|Freelance-ML-Engineer,,https://himalayas.app/companies/mindrift/jobs/freelance-machine-learning-engineer-2746782860,120640,120640,$120640 - $120640,2026-05-10
Himalayas,,"Machine Learning Engineer, Stripe Assistant",Stripe,United States,Remote,Full Time,"<h3><strong>Who we are</strong></h3><h3><strong>About <a href=""https://himalayas.app/companies/stripe"">Stripe</a></strong></h3><p><a href=""https://himalayas.app/companies/stripe"">Stripe</a> is a financial infrastructure platform for businesses. Millions of companies—from the world’s largest enterprises to the most ambitious startups—use <a href=""https://himalayas.app/companies/stripe"">Stripe</a> to accept payments, grow their revenue, and accelerate new business opportunities. Our mission is to increase the GDP of the internet, and we have a staggering amount of work ahead. That means you have an unprecedented opportunity to put the global economy within everyone’s reach while doing the most important work of your career.</p><h3><strong>About the team</strong></h3><p>The <a href=""https://himalayas.app/companies/stripe"">Stripe</a> Assistant team is transforming how users interact with <a href=""https://himalayas.app/companies/stripe"">Stripe</a> by building an intelligent and proactive as",Machine-Learning-Engineer|AI-Engineer|LLM-Engineer|Backend-Engineer|Agentic-AI-Engineer,,https://himalayas.app/companies/stripe/jobs/machine-learning-engineer-stripe-assistant-4405179866,,,,2026-05-10
Himalayas,,Senior Machine Learning Engineer,Aqilea,India,Remote,Full Time,"<p>We are a consulting company with a bunch of tech-savvy and happy people!</p><p>We love technology, we love design, and we love quality. Our diversity makes us unique and creates an inclusive and welcoming workplace where every individual is highly valued.</p><p>With us, everyone can be themselves while respecting others for who they are. We believe that when an amazing mix of people come together and share their knowledge, experiences, and ideas, we can help our clients on a completely different level.</p><p>We are looking for someone who can start immediately and wants to grow with us!</p><h6>With us, you have great opportunities to make real progress in your career and the chance to take on significant responsibility.</h6><h6><strong>About the Role</strong></h6><p>We are seeking a highly skilled <strong>Machine Learning Engineer / MLOps Engineer</strong> to design, build, and deploy scalable machine learning systems. This role sits at the intersection of data science, software eng",Machine-Learning-Engineer|MLOps-Engineer|Data-Science|AI-Engineering|Software-Engineering,,https://himalayas.app/companies/aqilea/jobs/senior-machine-learning-engineer-6024969429,,,,2026-05-10
Himalayas,,"Senior Machine Learning Engineer, Search & Recommendations Ranking",Instacart,United States,Remote,Full Time,"<div class=""content-intro""><h3>We're transforming the grocery industry</h3><p>At <a href=""https://himalayas.app/companies/instacart"">Instacart</a>, we invite the world to share love through food because we believe everyone should have access to the food they love and more time to enjoy it together. Where others see a simple need for grocery delivery, we see exciting complexity and endless opportunity to serve the varied needs of our community. We work to deliver an essential service that customers rely on to get their groceries and household goods, while also offering safe and flexible earnings opportunities to <a href=""https://himalayas.app/companies/instacart"">Instacart</a> Personal Shoppers.</p><p><a href=""https://himalayas.app/companies/instacart"">Instacart</a> has become a lifeline for millions of people, and we’re building the team to help push our shopping cart forward. If you’re ready to do the best work of your life, come join our table.</p><h3><a href=""https://himalayas.app/c",Machine-Learning-Engineer|Senior-Machine-Learning-Engineer|Search-Engineering|Recommendation-Systems|Ranking-Engineer,,https://himalayas.app/companies/instacart/jobs/senior-machine-learning-engineer-search-recommendations-ranking,207000,253500,$207000 - $253500,2026-05-10
Himalayas,,Machine Learning Engineer (Computer Vision),Factored,"Argentina, Bahamas, Belize, Bolivia, Brazil, Chile, Colombia, Costa Rica, Cuba, Dominican Republic, Ecuador, El Salvador, Guatemala, Guyana, Haiti, Honduras, Jamaica, Mexico, Nicaragua, Panama, Paraguay, Peru, Puerto Rico, Suriname, Trinidad and Tobago, Uruguay, Venezuela",Remote,Full Time,"<div class=""content-intro""><h3>Fully remote | Complete engagement job</h3><p>Founded in Palo Alto by Dr. Andrew Ng and Israel Niezen, <a href=""https://himalayas.app/companies/factored"">Factored</a> helps U.S. companies build and scale world-class AI, ML, and Data teams, powered by the top 1% of LATAM talent, with a defining purpose: <strong>To empower brilliant humans, unleash their potential, and amplify their impact in the world.</strong></p><p>At <a href=""https://himalayas.app/companies/factored"">Factored</a>, you’ll be part of a community that values learning, ownership, and authenticity, where your growth is personal and your ideas matter. We’re transparent, curious, and collaborative. We strive for excellence, celebrate diversity, encourage curiosity, and build an environment where you can truly thrive.</p></div><p>As a <strong>Senior Machine Learning Engineer in Computer Vision</strong>, you will design and deliver advanced vision systems that power mission-critical applications",Machine-Learning-Engineering|Computer-Vision|Deep-Learning|Computer-Vision-Engineering|Machine-Learning-Engineer,,https://himalayas.app/companies/factored/jobs/machine-learning-engineer-computer-vision,,,,2026-05-10
Himalayas,,Applied Scientist II,Coalition,Canada,Remote,Full Time,"<div class=""content-intro""><h4>About us</h4><p><a href=""https://himalayas.app/companies/coalition"">Coalition</a> is the world's first Active Insurance provider designed to help prevent digital risk before it strikes. Founded in 2017, <a href=""https://himalayas.app/companies/coalition"">Coalition</a> combines comprehensive insurance coverage and innovative cybersecurity tools to help businesses manage and mitigate potential cyberattacks. </p><p>Opportunities to make an impact with bold thinking are real—and happening daily at <a href=""https://himalayas.app/companies/coalition"">Coalition</a>.</p></div><h4>About the role</h4><div><p>We are hiring an Applied Scientist II to build and improve the machine learning and GenAI models that power our underwriting decisions. You will take ownership of high-impact modeling problems end-to-end. This includes framing and data exploration through model design, evaluation, deployment, and monitoring, directly influencing how we assess and price cyber ri",Applied-Scientist|Machine-Learning|Generative-AI|Data-Science|Underwriting-Analytics,,https://himalayas.app/companies/coalition/jobs/applied-scientist-ii,103800,144100,$103800 - $144100,2026-05-10
Himalayas,,"Machine Learning Engineer - Personalization, Horizon",Spotify,"United Kingdom, United States",Remote,Full Time,"<p>Join the Personalization team at <a href=""https://himalayas.app/companies/lifeatspotify"">Spotify</a> to design, build, and ship agentic based features and interactive experiences using machine learning. Collaborate with cross-functional teams to build new product features that advance <a href=""https://himalayas.app/companies/lifeatspotify"">Spotify</a>'s mission to connect artists and fans in personalized and useful ways.</p><h3>Requirements</h3><ul><li>Design, build, evaluate, and ship agentic based features and interactive experiences</li><li>Collaborate with cross functional teams</li><li>Prototype new approaches and productionize solutions at scale</li><li>Promote best practices of ML systems development, testing, evaluation, etc.</li><li>Contribute to a strong community of machine learning practitioners at <a href=""https://himalayas.app/companies/lifeatspotify"">Spotify</a></li></ul><h3>Benefits</h3><ul><li>Flexible work arrangements</li><li>Opportunity to work with a diverse tea",Machine-Learning-Engineer|Machine-Learning-Engineering-Jobs|AI-Machine-Learning-Engineer|AI-ML-Software-Engineer,,https://himalayas.app/companies/lifeatspotify/jobs/machine-learning-engineer-personalization-horizon,,,,2026-05-10
Himalayas,,Senior Machine Learning Engineer,Shipt,United States,Remote,Full Time,"<h3><b>Impact</b></h3>As a Senior Machine Learning Engineer on our Fraud Detection &amp; Risk Assessment Data Science team, you will design, build, and deploy cutting-edge ML systems that protect millions of users and multiple product lines from evolving fraud and risk threats. You’ll work with complex, high-volume data streams to develop and deploy services that detect and prevent Fraud and enable real-time decisioning across our ecosystem. <br><br>Collaborating closely with Product, Fraud Operations, Engineering and Data Science teams, you will translate business risk signals into robust machine learning pipelines—improving the accuracy, efficiency, and impact of our fraud detection systems. This role requires strong ownership across the ML lifecycle, from ideation to development to production systems, and a forward-looking mindset on applying Generative AI and agentic systems in fraud prevention. <div><div><div><div><div><div><div><h3><b><b>What You’ll Need to Be Successful</b></b><",Machine-Learning-Engineering|Fraud-Detection|Data-Science|AI-Development|Risk-Assessment,,https://himalayas.app/companies/shipt/jobs/senior-machine-learning-engineer,114000,189000,$114000 - $189000,2026-05-10
Himalayas,,"Machine Learning PhD Intern, Economics",Instacart,United States,Remote,Intern,"<div class=""content-intro""><h3>We're transforming the grocery industry</h3><p>At <a href=""https://himalayas.app/companies/instacart"">Instacart</a>, we invite the world to share love through food because we believe everyone should have access to the food they love and more time to enjoy it together. Where others see a simple need for grocery delivery, we see exciting complexity and endless opportunity to serve the varied needs of our community. We work to deliver an essential service that customers rely on to get their groceries and household goods, while also offering safe and flexible earnings opportunities to <a href=""https://himalayas.app/companies/instacart"">Instacart</a> Personal Shoppers.</p><p><a href=""https://himalayas.app/companies/instacart"">Instacart</a> has become a lifeline for millions of people, and we’re building the team to help push our shopping cart forward. If you’re ready to do the best work of your life, come join our table.</p><h3><a href=""https://himalayas.app/c",Machine-Learning|Data-Science-Intern|Economics|Applied-Economics|Machine-Learning-Engineering,,https://himalayas.app/companies/instacart/jobs/machine-learning-phd-intern-economics-6200536370,,,,2026-05-10
Himalayas,,Principal Machine Learning Revenue Architect,Comcast,United States,Remote,Full Time,"FreeWheel, a <a href=""https://himalayas.app/companies/comcast"">Comcast</a> company, provides comprehensive ad platforms for publishers, advertisers, and media buyers. Powered by premium video content, robust data, and advanced technology, we’re making it easier for buyers and sellers to transact across all screens, data types, and sales channels. As a global company, we have offices in nine countries and can insert advertisements around the world.<h3>Job Summary</h3>The Machine Learning Revenue (MLR) Architect is a senior leadership role responsible for leading and coordinating the strategic development of MLR solutions. This position requires a blend of business understanding, critical thinking skills along with expertise in Machine Learning (ML) methodologies, business process and systems architecture design. Key duties include designing how algorithms embed within broader systems, leading engineers, data scientists and analysts, and collaborating with business stakeholders to ensure",Machine-Learning-Architecture|Revenue-Architecture|Data-Science-Leadership|AdTech-Engineering|Solutions-Architecture,,https://himalayas.app/companies/comcast/jobs/principal-machine-learning-revenue-architect,163047.59,382142.79,$163047.59 - $382142.79,2026-05-10
Himalayas,,Principal Machine Learning Engineer,Headspace,United States,Remote,Full Time,"<p><strong>About the </strong><strong>Principal Machine Learning Engineer</strong><strong> at <a href=""https://himalayas.app/companies/headspace"">Headspace</a>:</strong></p><p><em>Machine Learning at <a href=""https://himalayas.app/companies/headspace"">Headspace</a> is a dynamic and innovative group whose mission is to improve the experiences of our members and clinicians through the mindful application of Machine Learning. These applications include building conversational AI systems, healthcare assistance tools, and recommendation and personalization systems. In this team, you’ll be tasked with owning and delivering cutting edge language-based ML applications that will power the core features of <a href=""https://himalayas.app/companies/headspace"">Headspace</a>. You’ll have the opportunity to lead the vision, alignment, development, deployment, and adoption of these solutions, helping to bring <a href=""https://himalayas.app/companies/headspace"">Headspace</a> to the forefront of AI and ",Machine-Learning-Engineering|AI-Engineering|Principal-Software-Engineer|NLP-Engineering|ML-Platform-Engineering,,https://himalayas.app/companies/headspace/jobs/principal-machine-learning-engineer,162000,250000,$162000 - $250000,2026-05-10
Himalayas,,ML Data Scientist,Alcor,Argentina,Remote,Full Time,"<h3>Job Summary</h3><p>We're looking for an ML Data Scientist to join our Geospatial Data team. You'll take ownership of building and improving machine learning models that analyze satellite imagery to support agricultural and environmental applications. The role involves running experiments, interpretingresults, and working through modeling challenges independently, while collaborating with scientists, product managers, and engineers to turn real-world use cases into reliable, production-ready solutions.</p><h3>What You'll Do </h3><ul><li>Train, evaluate, and iteratively improve geospatial classification and regression models built on existing deep learning architectures using multi-spectral satellite time-series data.</li><li>Analyze model performance across diverse geographies, seasons, and target classes, diagnosing failure modes and adjusting training configurations, sampling strategies, and hyperparameters to drive meaningful improvements.</li><li>Design and execute experiments t",Data-Science|Machine-Learning|Machine-Learning-Engineering|Geospatial-Analytics|MLOps,,https://himalayas.app/companies/alcor/jobs/ml-data-scientist,,,,2026-05-10
Himalayas,,"Senior Staff Machine Learning Engineer, Post Training",Airbnb,United States,Remote,Full Time,"<div class=""content-intro""><p><a href=""https://himalayas.app/companies/airbnb"">Airbnb</a> was born in 2007 when two hosts welcomed three guests to their San Francisco home, and has since grown to over 5 million hosts who have welcomed over 2 billion guest arrivals in almost every country across the globe. Every day, hosts offer unique stays and experiences that make it possible for guests to connect with communities in a more authentic way.</p></div><h3>The Community You Will Join: </h3><p>Machine Learning and Artificial Intelligence are at the heart of the <a href=""https://himalayas.app/companies/airbnb"">Airbnb</a> product. From Trust to Payments, and from Customer Service to Marketing we rely on ML to ensure that guests and hosts have the best possible experience with <a href=""https://himalayas.app/companies/airbnb"">Airbnb</a>. </p><p>The CS AI product team is responsible for driving CSxAI (Customer Support x Artificial Intelligence) initiatives by adopting the Generative AI technolo",Machine-Learning-Engineering|AI-Engineering|LLM-Inference-Engineering|Post-Training-Engineering|ML-Infrastructure-Engineering,,https://himalayas.app/companies/airbnb/jobs/senior-staff-machine-learning-engineer-post-training,248000,310000,$248000 - $310000,2026-05-10
Himalayas,,Staff Machine Learning Engineer,Headspace,United States,Remote,Full Time,"<p><strong>About the </strong><strong>Staff Machine Learning Engineer</strong><strong> at <a href=""https://himalayas.app/companies/headspace"">Headspace</a>:</strong></p><p><em>The AI &amp; Machine Learning group at <a href=""https://himalayas.app/companies/headspace"">Headspace</a> is a dynamic and innovative group whose mission is to improve the experiences of our members and clinicians through the mindful application of AI. Our group builds conversational AI systems including Ebb, as well as search, recommendation &amp; personalization systems that power the <a href=""https://himalayas.app/companies/headspace"">Headspace</a> experience. The Staff ML Engineer for Personalization will be part of the team developing and delivering the holistic system to enable the personalization of the <a href=""https://himalayas.app/companies/headspace"">Headspace</a> experience, including content recommendation, personalized nudges &amp; notifications, and a tailored conversational AI experience with Ebb. ",Machine-Learning-Engineering|Staff-ML-Engineer|Recommender-Systems-Engineering|Personalization-Engineering|NLP-Engineering,,https://himalayas.app/companies/headspace/jobs/staff-machine-learning-engineer,140400,200000,$140400 - $200000,2026-05-10
Himalayas,,Senior Machine Learning Engineer,Instacart,United States,Remote,Full Time,"<div class=""content-intro""><h3>We're transforming the grocery industry</h3><p>At <a href=""https://himalayas.app/companies/instacart"">Instacart</a>, we invite the world to share love through food because we believe everyone should have access to the food they love and more time to enjoy it together. Where others see a simple need for grocery delivery, we see exciting complexity and endless opportunity to serve the varied needs of our community. We work to deliver an essential service that customers rely on to get their groceries and household goods, while also offering safe and flexible earnings opportunities to <a href=""https://himalayas.app/companies/instacart"">Instacart</a> Personal Shoppers.</p><p><a href=""https://himalayas.app/companies/instacart"">Instacart</a> has become a lifeline for millions of people, and we’re building the team to help push our shopping cart forward. If you’re ready to do the best work of your life, come join our table.</p><h3><a href=""https://himalayas.app/c",Machine-Learning-Engineer|Senior-Machine-Learning-Engineer|Operations-Research|AI-Engineer|Logistics-Engineering|Applied-Sciences,,https://himalayas.app/companies/instacart/jobs/senior-machine-learning-engineer-3866902662,173000,218500,$173000 - $218500,2026-05-10
Himalayas,,"Staff Machine Learning Engineer, Ads Measurement Modeling",Reddit,United States,Remote,Full Time,"<div class=""content-intro""><div class=""c-message_kit__blocks c-message_kit__blocks--rich_text""><div class=""c-message__message_blocks c-message__message_blocks--rich_text"" data-qa=""message-text""><div class=""p-block_kit_renderer"" data-qa=""block-kit-renderer""><div class=""p-block_kit_renderer__block_wrapper p-block_kit_renderer__block_wrapper--first""><div class=""p-rich_text_block""><div class=""p-rich_text_section""><a href=""https://himalayas.app/companies/reddit"">Reddit</a> is a community of communities. It’s built on shared interests, passion, and trust, and is home to the most open and authentic conversations on the internet. Every day, <a href=""https://himalayas.app/companies/reddit"">Reddit</a> users submit, vote, and comment on the topics they care most about. With 100,000+ active communities and approximately 126 million daily active unique visitors, <a href=""https://himalayas.app/companies/reddit"">Reddit</a> is one of the internet’s largest sources of information. For more information,",Staff-ML-Engineer|Ads-Measurement-Engineering|Identity-Modeling|Machine-Learning-Engineering|Ads-Engineering,,https://himalayas.app/companies/reddit/jobs/staff-machine-learning-engineer-ads-measurement-modeling,230000,322000,$230000 - $322000,2026-05-10
Himalayas,,Senior Machine Learning Engineer,Fullscript,Canada,Remote,Full Time,"<p><a href=""https://himalayas.app/companies/fullscript"">Fullscript</a> is a health technology company on a mission to help people get better. We're hiring a Senior Machine Learning Engineer to join our AI &amp; Analytics Engineering team. The role involves designing, building, and deploying LLM-powered product features, including lab result summaries, clinical workflow tools, and practitioner-facing conversational agents.</p><h3>Requirements</h3><ul><li>5+ years of experience in machine learning engineering, applied AI engineering, backend engineering, or a similar role</li><li>2+ years of recent hands-on experience building LLM-powered applications</li><li>Strong backend development experience in Python, with solid SQL fundamentals</li><li>Experience integrating LLMs such as OpenAI, Gemini, Anthropic, or similar models into user-facing products</li></ul><h3>Benefits</h3><ul><li>Flexible PTO and competitive pay</li><li>RRSP/401k match and stock options</li><li>Premium benefits package ",Senior-Machine-Learning-Engineer|Senior-AI-ML-Engineer|Senior-ML-Engineer|Senior-Staff-Machine-Learning-Engineer|Sr.-Staff-Machine-Learning-Engineer|Senior-Machine-Learning-Backend-Engineer|Senior-Applied-ML-Engineer|Senior-ML-Engineering,,https://himalayas.app/companies/fullscript/jobs/senior-machine-learning-engineer,130000,150000,$130000 - $150000,2026-05-10
Himalayas,,Senior Data Engineer,Zefr,United States,Remote,Full Time,"<p><a href=""https://himalayas.app/companies/zefr"">Zefr</a> is a leader in AI-powered content classifications for brands and advertisers. We are looking for a Senior Data Engineer to collaborate and grow alongside our experienced data engineering team.</p><h3>Requirements</h3><ul><li>Bachelor’s or Master’s degree in an engineering discipline (BEng/MEng)</li><li>8+ years of experience in software engineering, data analysis, and/or data engineering</li><li>Expert in building workflows using dbt and SQL.</li><li>Strong experience with Python</li><li>Knowledge of systems engineering principles and product lifecycle management</li><li>Strong communication and collaboration skills</li></ul><h3>Benefits</h3><ul><li>Flexible PTO</li><li>Medical, dental, and vision insurance with FSA options</li><li>Company-paid life insurance</li><li>Paid parental leave</li><li>401(k) with company match</li><li>Professional development opportunities</li><li>13 paid holidays off</li><li>Summer Fridays (we leave ",Senior-Data-Engineer|Data-Senior-Engineer|Senior-Data-Engineering|Data-Engineer-Senior|Senior-Staff-Data-Engineer|Senior-Data-Operations-Engineer|Senior-Principal-Data-Engineer|Senior-Data-Engineer-Positions|Senior-Data-Management-Engineer,,https://himalayas.app/companies/zefr/jobs/senior-data-engineer,160000,180000,$160000 - $180000,2026-05-10
Himalayas,,Data Analytics Engineer,Ravio,United Kingdom,Remote,Full Time,"<p>We're a fast-growing company that helps companies get compensation right. We're looking for a Data Analytics Engineer to join our team.</p><h3>Requirements</h3><ul><li>Proficiency in SQL</li><li>Experience with relational databases and database design</li><li>Experience with cloud data warehousing tooling</li><li>Experience with dbt and git</li><li>Familiarity with cloud platforms and services</li></ul><h3>Benefits</h3><ul><li>Competitive compensation</li><li>Company ownership</li><li>37 days paid time off</li><li>Up to 6% pension matching scheme</li><li>Wellness allowance</li><li>Learning and Development budget</li><li>Private healthcare cover</li><li>Personal travel insurance</li><li>Income protection insurance</li></ul><p>Originally posted on <a href=""https://himalayas.app"">Himalayas</a></p>",Data-Analytics-Engineer|Data-Analysis-Engineer|Analytics-Engineering-Jobs|Analytics-Engineer|BI-&-Analytics-Engineer,,https://himalayas.app/companies/ravio/jobs/data-analytics-engineer,60000,75000,$60000 - $75000,2026-05-10
Himalayas,,Data Engineer,Pavago,"Argentina, United States",Remote,Full Time,"<p>Data Engineer job description, responsible for designing, building, and maintaining scalable data infrastructure and reliable data pipelines. The role requires strong software engineering fundamentals, deep experience with modern data stacks, and a passion for building clean, reliable, and high-performance data systems.</p><h3>Requirements</h3><ul><li>3+ years of experience in Data Engineering, Back-End Engineering, or Data Infrastructure roles</li><li>Strong proficiency in Python and SQL</li><li>Experience with at least one modern data warehouse (Snowflake, Redshift, BigQuery)</li><li>Hands-on experience with orchestration tools such as Airflow or Prefect</li></ul><h3>Benefits</h3><ul><li>Flexible working hours</li><li>Opportunity to work with modern data stacks</li><li>Chance to build clean, reliable, and high-performance data systems</li></ul><p>Originally posted on <a href=""https://himalayas.app"">Himalayas</a></p>",Data-Engineer|Data-Engineering-Associate|DataOps-Engineer|Associate-Data-Engineer,,https://himalayas.app/companies/pavago/jobs/data-engineer,,,,2026-05-10
Himalayas,,"Data Engineer, Azure - Remote, Latin America",Bluelight Consulting,Peru,Remote,Full Time,"<div>Bluelight is a leading software consultancy dedicated to designing and developing innovative technology that enhances users' lives. With a steadfast commitment to delivering exceptional service to our clients, Bluelight excels in its focus on quality and customer satisfaction. Our mission is not only to create cutting-edge applications but also to foster a collaborative and enriching work environment where each team member can grow and thrive. With a presence across the United States and Central/South America, Bluelight is in an exciting phase of expansion, continually seeking exceptional talent to join its dynamic and diverse community.</div><div>We are looking for a skilled individual to join our rapidly growing team at Bluelight. This position is ideal for someone who thrives in a fast-paced, dynamic environment where everyone's opinions and efforts are valued and appreciated. You will have the opportunity to contribute to challenging and meaningful projects, developing high-qu",Data-Engineering|Azure-Data-Engineering|ETL-Engineering|Cloud-Data-Engineering|Data-Warehouse-Engineering,,https://himalayas.app/companies/bluelight-consulting/jobs/data-engineer-azure-remote-latin-america-4509800187,,,,2026-05-10
Himalayas,,Senior Staff Data Engineer,Circle,United States,Remote,Full Time,"<p><a href=""https://himalayas.app/companies/circle-com"">Circle</a> (NYSE: CRCL) is one of the world’s leading internet financial platform companies, building the foundation of a more open, global economy through digital assets, payment applications, and programmable blockchain infrastructure. <a href=""https://himalayas.app/companies/circle-com"">Circle</a>’s platform includes the world’s largest regulated stablecoin network anchored by USDC, <a href=""https://himalayas.app/companies/circle-com"">Circle</a> Payments Network for global money movement, and Arc, an enterprise-grade blockchain designed to become the Economic OS for the internet. Enterprises, financial institutions, and developers use <a href=""https://himalayas.app/companies/circle-com"">Circle</a> to power trusted, internet-scale financial innovation. Learn more at <a href=""http://circle.com/"" rel=""nofollow ugc noopener noreferrer"" target=""_blank""><u>circle.com</u></a>.</p><h3>What you’ll be part of:</h3><p><a href=""https://him",Data-Engineering|Data-Platform-Engineering|Data-Infrastructure|Data-Reliability-Engineering|Senior-Staff-Data-Engineer,,https://himalayas.app/companies/circle-com/jobs/senior-staff-data-engineer,225000,290000,$225000 - $290000,2026-05-10
Himalayas,,Senior/Staff Data Engineer,Fonoa,"Croatia, United Kingdom",Remote,Full Time,"<p>We are looking for a Data Engineer to help us bootstrap an internal data platform from the ground up. The ideal candidate will have 5+ years of experience in a Data Engineering or similar role, solid proficiency in SQL and at least one programming language, and hands-on experience with modern data stack tooling. This is a highly collaborative, hands-on role for someone who thrives in ambiguity, brings curiosity and proactivity, and is energised by the challenge of building something from scratch.</p><h3>Requirements</h3><ul><li>5+ years of experience in a Data Engineering or similar role (Analytics Engineering, Backend Engineering with heavy data work)</li><li>Solid proficiency in SQL and at least one programming language (Python, Scala, or similar)</li><li>Experience building and maintaining ETL/ELT pipelines and working with data warehousing or lakehouse architectures</li><li>Hands-on experience with modern data stack tooling — particularly a columnar warehouse (BigQuery, Snowflak",Senior-Staff-Data-Engineer|Senior-Data-Engineer|Data-Senior-Engineer|Senior-Data-Engineering|Data-Engineer-Senior|Staff-Data-Engineer|Senior-Data-Engineer-Positions|Senior-Data-Operations-Engineer|Senior-Data-Management-Engineer,,https://himalayas.app/companies/fonoa/jobs/senior-staff-data-engineer,,,,2026-05-10
Himalayas,,Platform & Data Engineer Full-time · 100% Remote,neoBIM GmbH,Germany,Remote,Full Time,"<p>We are recruiting for an experienced, hands-on Platform Engineer to help shape our infrastructure, improve system reliability, accelerate product development, and improve release cadence at neoBIM, a cutting-edge startup transforming the construction industry with AI-powered Building Information Modeling (BIM).</p><h3>Requirements</h3><ul><li>Contribute to and evolve our cloud infrastructure across compute, storage, networking, IAM and security controls</li><li>Build and maintain CI/CD pipelines across a mixed TypeScript and Python codebase</li><li>Operate and improve our primary data stores — relational and graph databases</li><li>Design and implement data pipelines that move, transform and validate data across the platform</li><li>Implement observability — structured logging, distributed tracing and alerting</li><li>Contribute to security and compliance posture across services</li><li>Build internal developer tooling that makes iteration fast and safe</li><li>Support deployment an",Data-Platform-Engineer|Remote-Data-Engineer|Senior-Data-Platform-Engineer|Remote-Mid-Level-Data-Engineer|Data-Engineer,,https://himalayas.app/companies/neobim-gmbh/jobs/platform-data-engineer-full-time-100-remote,,,,2026-05-10
Himalayas,,Senior Data Engineer,"Nova (branded on job board as ""Nova Talent"")",United States,Remote,Full Time,"<h3>Job Overview</h3><div>We are seeking a skilled Data Engineer to join our team and drive our data infrastructure forward. In this role, you will primarily focus on maintaining and enhancing our data warehouse and pipelines (80%) while also contributing to data analysis and reporting initiatives (20%). You'll work closely with cross-functional stakeholders to build robust data solutions and create actionable insights through compelling visualizations.</div><h3>Key Responsibilities</h3><div>Data Engineering</div><ul><li>Infrastructure Management: Maintain, enhance, and optimize existing data warehouse architecture and ETL pipelines. </li> <li>Pipeline Development: Design and implement scalable ETL/ELT processes ensuring data quality, integrity, and timeliness. </li> <li>Performance Optimization: Monitor and improve pipeline performance, troubleshoot issues, and implement best practices. </li> <li>Documentation: Create and maintain comprehensive documentation for data engineering proce",Data-Engineer|Senior-Data-Engineer|Big-Data-Engineer|Data-Warehouse-Engineer|Cloud-Data-Engineer,,https://himalayas.app/companies/nova-branded-on-job-board-as-nova-talent/jobs/senior-data-engineer-3077232070,,,,2026-05-10
Himalayas,,Analytics Engineer & Data Scientist,Security Benefit,United States,Remote,Full Time,"<p>Everly is looking for an Analytics Engineer &amp; Data Scientist to join their growing data team at an exciting moment – as the data engineering and analytics fields are blending. This is a unique early-career opportunity to work across both business intelligence and data science in a highly regulated, mission-driven industry.</p><h3>Requirements</h3><ul><li>Bachelor’s degree in data science, Statistics, Mathematics, Computer Science, Economics, or a related quantitative field</li><li>0–2 years of experience in analytics, data science, or a closely related role; strong internship or project experience considered</li><li>Solid SQL skills — comfortable writing complex queries, joins, and aggregations</li><li>Python proficiency for data manipulation and analysis (pandas, numpy); exposure to modeling libraries (scikit-learn, statsmodels) a plus</li><li>Experience building or contributing to dashboards or reports in any BI tool (Sigma Computing, Tableau, Power BI, Looker, etc.)</li><li>F",Analytics-Engineer|Data-Analytics-Engineer|BI-&-Analytics-Engineer|Data-Analysis-Engineer|AI-Analytics-Engineer|Data-Scientist|Data-Scientist---Analytics,,https://himalayas.app/companies/security-benefit/jobs/analytics-engineer-data-scientist,74700,98000,$74700 - $98000,2026-05-10
Himalayas,,Data Engineering Expert - Pipelines,Mercor,Germany,Remote,Temporary,"<p>Data Engineering Expert - Pipelines job description: Build long-horizon pipeline tasks with deterministic rubrics, develop ETL/ELT pipelines and dbt models, create Airflow/Dagster DAGs, design warehouse schemas, and ensure tasks have checkable answers.</p><h3>Requirements</h3><ul><li>BS or MS in CS or related field</li><li>3+ years in data engineering or analytics engineering</li><li>Expertise in dbt model development, pipeline orchestration, warehouse design, and data quality and testing</li><li>Clear written communication skills</li></ul><h3>Benefits</h3><ul><li>Opportunity for promotion based on task quality and throughput</li></ul><p>Originally posted on <a href=""https://himalayas.app"">Himalayas</a></p>",Data-Pipeline-Engineering|Data-Pipeline-Engineer|Data-Engineering-Specialist|Data-Pipeline-Architect|ML-Data-Pipeline-Engineer|Data-Engineering-(Databricks)|Data-Engineer|Data-Pipeline-Development,,https://himalayas.app/companies/work-mercor/jobs/data-engineering-expert-pipelines,180000,250000,$180000 - $250000,2026-05-10
Himalayas,,"Senior Software Engineer, Data Platform",Juniper Square,"Canada, India, United States",Remote,Full Time,"<p><a href=""https://himalayas.app/companies/juniper-square"">Juniper Square</a> is building a next-generation intelligent data platform for private markets, and we're looking for a Senior Software Engineer to join our Data Platform team. As a key member of this small, high-caliber seed team, you'll own the end-to-end delivery of core pipeline components and contribute to the technical architecture of a modern, AI-native data warehouse.</p><h3>Requirements</h3><ul><li>4–7 years of software engineering experience</li><li>Strong full-stack engineering fundamentals</li><li>Hands-on experience with data pipeline or data warehouse engineering</li><li>Production experience building with LLMs</li><li>Fluency with AI-assisted and agentic development workflows</li><li>Experience with AWS data infrastructure</li></ul><h3>Benefits</h3><ul><li>Health, dental, and vision care</li><li>Life insurance</li><li>Mental wellness coverage</li><li>Fertility and growing family support</li><li>Flex Time Off</li",Senior-Data-Platform-Engineer|Senior-Data-Engineer|Senior-Data-Engineering|Senior-Data-Infrastructure-Engineer|Senior-Staff-Data-Engineer|Senior-Cloud-Data-Platform-Engineer|Senior-Data-Analytics-Engineer|Senior-Principal-Data-Engineer|Data-Engineer-Senior,,https://himalayas.app/companies/juniper-square/jobs/senior-software-engineer-data-platform,165000,200000,$165000 - $200000,2026-05-10
Himalayas,,Data Engineer,"T-Rex Solutions, LLC",United States,Remote,Full Time,"<p>T-Rex Solutions is looking to select a Data Engineer to support our Internal Revenue Service (IRS) EDOS program. The overall mission of this program is to modernize the IRS legacy Tax processing systems and is critical to the overall modernization of the IRS to improve taxpayer experience, increase voluntary compliance, and reduce the IRS’s reliance on costly and unsustainable legacy technology. </p><h3>Responsibilities:</h3><ul><li>Supports ECS/EAD (Enterprise Case Selection/Enterprise Anomaly Detection) data engineering efforts with a focus on automation and repeatable data processing workflows.</li><li>Builds automated data validation routines, ETL test harnesses, and monitoring scripts to ensure pipeline reliability, data integrity, and compliance with agency standards.</li><li>Implements ingestion and transformation components, integrates with cloud data services, and resolves pipeline defects through automated checks.</li><li>Collaborates with senior engineers, analysts, and c",Data-Engineering|ETL-Development|Cloud-Data-Engineering|Data-Pipeline-Engineer|Federal-IT-Data-Services,,https://himalayas.app/companies/t-rex-solutions-llc/jobs/data-engineer,50000,94000,$50000 - $94000,2026-05-10
Himalayas,,"[Job-29268] Data &amp; Analytics Engineer, Colombia",CI&T,Colombia,Remote,Full Time,"<p>We are looking for a Data &amp; Analytics Engineer to support an AI/ML implementation for demand forecasting and resource optimization in the public transportation / fare collection industry.</p><h3>Requirements</h3><ul><li>Exploratory Data Analysis (EDA)</li><li>Data Wrangling and Preparation</li><li>Machine Learning Modeling</li><li>Data Visualization</li><li>Python Data Stack</li><li>Model Explainability</li></ul><h3>Benefits</h3><ul><li>Premium Healthcare</li><li>Meal voucher</li><li>Maternity and Parental leaves</li><li>Mobile services subsidy</li><li>Sick pay-Life insurance</li><li>CI&amp;T University</li><li>Colombian Holidays</li><li>Paid Vacations</li></ul><p>Originally posted on <a href=""https://himalayas.app"">Himalayas</a></p>",Data-Analytics-Engineer|BI-&-Analytics-Engineer|Data-And-AI-Engineer|Data-Analysis-Engineer|Analytics-Engineer,,https://himalayas.app/companies/ci-t/jobs/job-29268-data-amp-analytics-engineer-colombia,,,,2026-05-10
Himalayas,,Principal Data Engineer (French Speaking) | Contract or Permanent,Colibri Digital,United Kingdom,Remote,Full Time,"<div>We are seeking a <strong>French-speaking Principal Data Engineer</strong> to support a key client engagement with French-speaking stakeholders.<div>As a Principal Data Engineer, you will serve as the bridge between complex technical architecture and strategic business value. This is a high-impact, client-facing leadership role designed for an expert who can navigate deep technical challenges while maintaining a ""customer-first"" mindset. <br><br>You will be the primary technical authority for our clients, ensuring their data platforms are resilient, scalable, and aligned with their long-term business goals.</div><h3>Key Responsibilities</h3><div><ul><li><strong>Customer Excellence &amp; Stakeholder Management:</strong> Act as the primary strategic partner to client business owners, aligning technical data solutions with corporate goals while championing reliability and ""clean data"" for all consumers.</li><li><strong>Solution Architecture &amp; Tech Strategy:</strong> Drive the deve",Data-Engineering|Data-Architecture|Big-Data-Engineering|ETL-Engineering|Cloud-Data-Engineering,,https://himalayas.app/companies/colibri-digital/jobs/principal-data-engineer-french-speaking-contract-or-permanent,,,,2026-05-10
Himalayas,,Sr. Data Engineer (Snowflake),Data Ideology,United States,Remote,Full Time,"<p><strong><a href=""https://himalayas.app/companies/data-ideology"">Data Ideology</a></strong><br><br>At DI, we provide Data &amp; Analytics expertise to drive measurable business outcomes, often solving complex business problems for our clients. Our data analytics advisory services enable our customers to transform data into insights by driving a culture of empowerment and ownership of results. Our team consists of highly motivated individuals who are passionate about learning, understanding, collaborating, and who are intellectually curious. For more information about <a href=""https://himalayas.app/companies/data-ideology"">Data Ideology</a>, visit www.dataideology.com.<br><br><strong>Sr. Data Engineer - (Snowflake)</strong><br><br><a href=""https://himalayas.app/companies/data-ideology"">Data Ideology</a> is seeking a Sr. Snowflake Data Engineer to join our growing team in a client-facing, consultative role that blends solution design with hands-on delivery. You will work directly with ",Senior-Data-Engineer|Snowflake-Engineer|Data-Platform-Engineer|Data-Warehouse-Engineer|Cloud-Data-Engineer,,https://himalayas.app/companies/data-ideology/jobs/sr-data-engineer-snowflake-7886071089,,,,2026-05-10
Himalayas,,Data Engineering Lead,Moniepoint,Spain,Remote,Full Time,"<h3>Who we are</h3><p><a href=""https://himalayas.app/companies/moniepoint"">Moniepoint</a> Inc. is Africa’s all-in-one financial ecosystem, helping 10 million businesses and individuals access seamless payments, banking, credit, and business management tools since 2019.</p><p>As Nigeria’s largest merchant acquirer, it powers most of the country’s Point of Sale (POS) transactions. Through its subsidiaries, <a href=""https://himalayas.app/companies/moniepoint"">Moniepoint</a> Inc. processes $22 billion monthly for its customers while operating profitably.</p><h3>About the role : </h3><p>At <a href=""https://himalayas.app/companies/moniepoint"">Moniepoint</a>, data is at the core of everything we do. We are a customer-centric company, and your work will enable our teams to make informed, data-driven decisions that directly impact the success of our business. As a Data Engineering Lead, you will help craft robust, scalable systems that support our business intelligence and data-driven operation",Data-Engineering|Data-Engineering-Lead|Lead-Data-Engineer|Data-Platform-Engineering|Analytics-Engineering,,https://himalayas.app/companies/moniepoint/jobs/data-engineering-lead-9095383768,,,,2026-05-10
Himalayas,,"Data Engineer, Go to Market",Crowdstrike,"Canada, United States",Remote,Full Time,"<p style=""text-align:left"">As a global leader in cybersecurity, CrowdStrike protects the people, processes and technologies that drive modern organizations. Since 2011, our mission hasn’t changed — we’re here to stop breaches, and we’ve redefined modern security with the world’s most advanced AI-native platform. Our customers span all industries, and they count on CrowdStrike to keep their businesses running, their communities safe and their lives moving forward. We’re also a mission-driven company. We cultivate a culture that gives every CrowdStriker both the flexibility and autonomy to own their careers. We’re always looking to add talented CrowdStrikers to the team who have limitless passion, a relentless focus on innovation and a fanatical commitment to our customers, our community and each other. Ready to join a mission that matters? The future of cybersecurity starts with you.</p><h3>About the Role:</h3><p>We are seeking a seasoned Data Engineer to join our team. You will be resp",Data-Engineering|Analytics-Engineering|Data-Platform|Marketing:-Data-Engineering,,https://himalayas.app/companies/crowdstrike/jobs/data-engineer-go-to-market-7583229568,85000,120000,$85000 - $120000,2026-05-10
Himalayas,,Data Engineer (Data Quality & Automation),Analytica,United States,Remote,Full Time,"<p><a href=""https://himalayas.app/companies/analytica"">Analytica</a> is seeking a<strong> Data Engineer </strong>with experience in automated data quality validation and CI/CD-enabled data pipelines to support a long‑term federal government program. The ideal candidate will be responsible for designing, developing, and maintaining reliable data pipelines while embedding data quality, validation, and automation practices directly into the data engineering lifecycle. </p><p>This role supports enterprise data platforms and products within a DevSecOps framework and works closely with data engineers, analytics engineers, architects, and other stakeholders to ensure data solutions are scalable, reliable, and production‑ready. </p><p><a href=""https://himalayas.app/companies/analytica"">Analytica</a> has been recognized by Inc. Magazine as a fastest‑growing private U.S. small business. We work with U.S. government customers in health, civilian, and national security missions and offer competiti",Data-Engineering|Data-Quality-Engineering|ETL-Development|DevSecOps-Engineering|Data-Pipeline-Engineering,,https://himalayas.app/companies/analytica/jobs/data-engineer-data-quality-automation,,,,2026-05-10
Himalayas,,Data Engineer (Managed Data Service),Devoteam,Poland,Remote,Full Time,"<p>We believe that technology with strong human values can actively drive change for the better. We are a global leading player in Digital Transformation for leading organisations across EMEA, with a revenue of €1B. We are looking for a highly motivated Data Engineer to leverage their experience in the public cloud to interpret our customers' business and technical requirements in order to extract the value from their data.</p><h3>Requirements</h3><ul><li>BA/BS in Computer Science or Math, or related technical field / equivalent experience</li><li>Experience in one or more development languages, with a strong preference for Python, Java</li><li>Basic knowledge of GO</li><li>Good DBT knowledge</li><li>Proficient in SQL</li><li>Good knowledge of Looker and/or Power BI</li><li>Some experience with programming in Agile methodology</li><li>Knowledge of database and data analysis technologies, including relational and NoSQL databases, data warehouse design, and ETL/ELT pipelines.</li><li>Rel",Associate-Data-Engineer|Data-Engineer,,https://himalayas.app/companies/devoteam/jobs/data-engineer-managed-data-service,,,,2026-05-10
Himalayas,,Pearl Talent - Lead Data Engineer - I050,Pearl Talent,Philippines,Remote,Full Time,"<h3>Industry</h3><h3> Staffing &amp; Recruiting</h3><h3>Work Arrangement</h3><h3> Fully Remote</h3><h3>Job Type</h3><h3> Full-time (40 hours/week)</h3><h3>Work Schedule</h3><h3> 9 AM – 5 PM EST</h3><h3>Locations</h3><h3> Philippines, Latin America</h3><h3><strong>About <a href=""https://himalayas.app/companies/pearl-talent"">Pearl Talent</a>:</strong></h3><p>Pearl works with the top 1% of candidates from around the world and connects them with the best startups in the US and EU. Our clients have raised over $5B in aggregate and are backed by companies like OpenAI, a16z, and Founders Fund. They’re looking for the sharpest, hungriest candidates who they can consistently promote and work with over many years. Candidates we’ve hired have been flown out to the US and EU to work with their clients, and even promoted to roles that match folks onshore in the US.</p><p><em><strong>Hear why we exist, what we believe in, and who we’re building for: </strong></em><a href=""https://www.loom.com/share/",Lead-Data-Engineer|Data-Engineering|Data-Platform-Engineering|Data-Pipeline-Engineering|Database-Engineering,,https://himalayas.app/companies/pearl-talent/jobs/pearl-talent-lead-data-engineer-i050,,,,2026-05-10
Himalayas,,Senior Data Engineer,Launch Potato,Brazil,Remote,Full Time,"<div class=""content-intro""><h3>WHO ARE WE?</h3><p><a href=""https://launchpotato.com/careers?utm_source=greenhouse&amp;utm_medium=jobpost&amp;utm_campaign=careers-back-to-careers"" rel=""nofollow ugc noopener noreferrer"" target=""_blank""></a><a href=""https://himalayas.app/companies/launch-potato"">Launch Potato</a> is a profitable digital media company that reaches over 30M+ monthly visitors through brands such as <a href=""https://financebuzz.com/?utm_source=greenhouse&amp;utm_medium=jobpost&amp;utm_campaign=careers-to-brand"" rel=""nofollow ugc noopener noreferrer"" target=""_blank"">FinanceBuzz</a>, <a href=""https://allaboutcookies.org/?utm_source=greenhouse&amp;utm_medium=jobpost&amp;utm_campaign=careers-to-brand"" rel=""nofollow ugc noopener noreferrer"" target=""_blank"">All About Cookies</a>, and<a href=""https://www.onlyinyourstate.com/?utm_source=greenhouse&amp;utm_medium=jobpost&amp;utm_campaign=careers-to-brand"" rel=""nofollow ugc noopener noreferrer"" target=""_blank""> OnlyInYourState</a>.</p>",Senior-Data-Engineer|Data-Engineering|Data-Pipeline-Engineering|AWS-Data-Engineering|ETL-Engineering,,https://himalayas.app/companies/launch-potato/jobs/senior-data-engineer-2067027773,,,,2026-05-10
Himalayas,,"Data Engineer, Analytics Data Engineering",Dropbox,United States,Remote,Full Time,"<h3>Role Description</h3><div><p>In this role you will build large, scalable analytics pipelines using modern data technologies. This is not a“maintain existing platform” or“make minor tweaks to current code base” kind of role. We are effectively building from the ground up and plan to leverage the most recent Big Data technologies. If you enjoy building new things without being constrained by technical debt, this is the job for you!</p><p>Our Engineering Career Framework is <a class=""attrlink"" href=""https://dropbox.github.io/dbx-career-framework/"" data-target-href=""https://dropbox.github.io/dbx-career-framework/"" rel=""nofollow ugc noopener noreferrer"" target=""_blank""><u>viewable by anyone outside the company</u></a> and describes what’s expected for our engineers at each of our career levels. Check out our blog post on this topic and more <a class=""attrlink"" href=""https://dropbox.tech/culture/sharing-our-engineering-career-framework-with-the-world"" data-target-href=""https://dropbox.te",Data-Engineering|Analytics-Engineering|Data-Platform-Engineering|Big-Data-Engineering|Analytics-Data-Engineering,,https://himalayas.app/companies/dropbox/jobs/data-engineer-analytics-data-engineering-4081804236,132600,201800,$132600 - $201800,2026-05-10
Himalayas,,Data Engineer,Data Ideology,United States,Remote,Full Time,"<h3><a href=""https://himalayas.app/companies/data-ideology"">Data Ideology</a></h3><p>At DI, we provide Data &amp; Analytics expertise to drive measurable business outcomes, often solving complex business problems for our clients. Our data analytics advisory services enable our customers to transform data into insights by driving a culture of empowerment and ownership of results. Our team consists of highly motivated individuals passionate about learning, understanding, collaborating, and intellectually curious. For more information about <a href=""https://himalayas.app/companies/data-ideology"">Data Ideology</a>, visit <a href=""http://www.dataideology.com/"" rel=""nofollow ugc noopener noreferrer"" target=""_blank"">www.dataideology.com</a></p><h3>Data Engineer</h3><p>We are looking for a Data Engineer to join our growing team. Data Engineer will leverage their business and technical knowledge to develop production-ready data models by integrating multiple data sources while working with busi",Data-Engineering|Data-Warehouse-Engineering|ETL-Development|Business-Intelligence|Data-Architecture,,https://himalayas.app/companies/data-ideology/jobs/data-engineer,,,,2026-05-10
Himalayas,,Lead Data Engineer,Launch Potato,Ecuador,Remote,Full Time,"<div class=""content-intro""><h3>WHO ARE WE?</h3><p><a href=""https://launchpotato.com/careers?utm_source=greenhouse&amp;utm_medium=jobpost&amp;utm_campaign=careers-back-to-careers"" rel=""nofollow ugc noopener noreferrer"" target=""_blank""></a><a href=""https://himalayas.app/companies/launch-potato"">Launch Potato</a> is a profitable digital media company that reaches over 30M+ monthly visitors through brands such as <a href=""https://financebuzz.com/?utm_source=greenhouse&amp;utm_medium=jobpost&amp;utm_campaign=careers-to-brand"" rel=""nofollow ugc noopener noreferrer"" target=""_blank"">FinanceBuzz</a>, <a href=""https://allaboutcookies.org/?utm_source=greenhouse&amp;utm_medium=jobpost&amp;utm_campaign=careers-to-brand"" rel=""nofollow ugc noopener noreferrer"" target=""_blank"">All About Cookies</a>, and<a href=""https://www.onlyinyourstate.com/?utm_source=greenhouse&amp;utm_medium=jobpost&amp;utm_campaign=careers-to-brand"" rel=""nofollow ugc noopener noreferrer"" target=""_blank""> OnlyInYourState</a>.</p>",Lead-Data-Engineer|Data-Engineering|Senior-Data-Engineer|Data-Infrastructure|Analytics-Engineering,,https://himalayas.app/companies/launch-potato/jobs/lead-data-engineer-3842453174,,,,2026-05-10
Himalayas,,Data Engineer II-AWS,Versant Media,United States,Remote,Full Time,"<p>As a Data Engineer II, you will be working on our data systems and services with other data engineers to deliver projects and systems critical to Versant Digital Platform Ventures business. We expect our data engineers to be versatile, display leadership qualities and be enthusiastic about taking on new problems across our businesses as we continue to build great things for fellow movie fans.</p><h3>Responsibilities</h3><ul><li>Contribute to and help team in design, build, testing, scaling, and maintaining data pipelines from a variety of source systems and streams (Internal, third party, cloud based, etc.), according to business and technical requirements.</li><li>Continually work on improving the codebase and have active participation and oversight in all aspects of the team, including agile ceremonies.</li><li>Collaborate with engineers and product managers to understand data needs. Participate in Agile ceremonies (standups, retros, sprint planning, etc.)</li><li>Troubleshoot and",Data-Engineering|AWS-Data-Engineering|ETL-Engineering|Data-Pipelines|Engineering,,https://himalayas.app/companies/versant-media/jobs/data-engineer-ii-aws,,,,2026-05-10
Himalayas,,JR-159779 Data Engineer Senior (FL),Customertimes,United States,Remote,Full Time,"<h3>﻿<strong>Job (Project) Description:</strong>﻿</h3><p>We are looking for a <strong>Senior</strong><strong>Data Engineer</strong> to support the development and maintenance of ETL pipelines that process and deliver patient-level data for clinical and operational use. In this role, you will work closely with clinical data analysts and cross-functional stakeholders to ensure reliable data extraction, transformation, and delivery within an AWS-based environment.</p><p>The position involves building and monitoring ETL pipelines, maintaining CI/CD processes, and ensuring data quality and accessibility for internal teams and clients. You will also collaborate with other engineers using version control tools, handle ad-hoc data requests, and contribute to improving code and process efficiency across multiple pipelines and stakeholders.</p><h3>﻿<strong>Locations:</strong>﻿</h3><h3>﻿Remote</h3><p>﻿<strong>Requirements:</strong></p><ul><li>Bachelor's degree in Computer Science</li><li>Developm",Senior-Data-Engineer|Data-Engineering|ETL-Development|Data-Pipeline-Engineering|AWS-Data-Engineering,,https://himalayas.app/companies/customertimes/jobs/jr-159779-data-engineer-senior-fl-2442747560,,,,2026-05-10
Himalayas,,Senior Data Engineer - Real time analytics,Aircall,"Australia, France, Germany, Mexico, Spain, United Kingdom, United States",Remote,Full Time,"<p><a href=""https://himalayas.app/companies/aircall"">Aircall</a> is a unicorn, AI-powered customer communications platform used by 22,000+ companies worldwide. We are looking for an engaged and passionate Senior Data Engineer to join our growing Engineering Team.</p><h3>Requirements</h3><ul><li>Have key responsibilities within the requirements analysis, scalable &amp; low latency streaming platform solution design, architecture, and end-to-end delivery of key modules in order to provide near real-time data solutions for our product</li><li>Analyze and translate business needs into data model &amp; optimize for big data</li><li>Identify slow queries and optimize for better performance</li><li>Write clean scalable code using Scala / python / SQL and test and deploy applications and systems</li><li>Solve our most challenging data problems, in near real-time, utilizing optimal data architectures, frameworks, query techniques, sourcing from structured and unstructured data sources.</li><li>",Senior-Data-Engineer|Real-Time-Analytics-Lead|Senior-Data-Engineering|Data-Senior-Engineer|Data-Engineer-Senior,,https://himalayas.app/companies/aircall/jobs/senior-data-engineer-real-time-analytics,,,,2026-05-10
Himalayas,,Sr. Data Engineer,Versant Media,United States,Remote,Full Time,"<p><strong>The Opportunity</strong><br>As a Senior Data Engineer within our Direct-to-Consumer Sports &amp; Entertainment division, you will play a critical role in designing and scaling the data systems that power insights across platforms like Fandango and Rotten Tomatoes. This role sits at the intersection of data architecture, engineering, and business impact—enabling teams to make faster, smarter decisions that shape how millions of fans discover and experience content.</p><p><strong>Why This Role Matters:</strong><br>You will help transform complex data into reliable, scalable systems that drive analytics, reporting, and product innovation. Your work will directly influence how we understand customer behavior, optimize experiences, and unlock new opportunities across our digital ecosystem.</p><p>This is a remote-first role, with opportunities for intentional in-person collaboration (approximately 10%) to support team connection, planning, and innovation. You will also participate",Data-Engineering|Data-Warehousing|ETL-ELT-Engineering|Analytics-Engineering|Data-Architecture,,https://himalayas.app/companies/versant-media/jobs/sr-data-engineer,,,,2026-05-10
Himalayas,,"Staff Data Engineer, Analytics Data Engineering",Dropbox,Canada,Remote,Full Time,"<h3>Role Description</h3><p><a href=""https://himalayas.app/companies/dropbox"">Dropbox</a> is looking for a Staff Data Engineer to join our Analytics Data Engineering(ADE) team within Data Science &amp; AI Platform. You will be responsible for solving cross-cutting data challenges that span multiple lines of business while driving standardization in how we build, deploy, and govern analytics pipelines across <a href=""https://himalayas.app/companies/dropbox"">Dropbox</a>.</p><p>This is not a maintenance role. We are modernizing our analytics platform, upgrading orchestration infrastructure, building shared and reusable data models with conformed dimensions, establishing a certified metrics framework, and laying the foundation for AI-native data development. You will partner closely with Data Science, Data Infrastructure, Product Engineering, and Business Intelligence teams to make this happen.</p><p>You will play a crucial role in establishing analytics engineering standards, designing sc",Analytics-Data-Engineering|Data-Engineering|Analytics-Engineering|Data-Platform-Engineering|Data-Governance,,https://himalayas.app/companies/dropbox/jobs/staff-data-engineer-analytics-data-engineering-9456454327,204000,276000,$204000 - $276000,2026-05-10
Himalayas,,Senior Data Engineer,Wavicle Data Solutions,United States,Remote,Full Time,"<p><a href=""https://himalayas.app/companies/wavicle-data-solutions"">Wavicle Data Solutions</a> is a high-growth consulting firm helping organizations unlock the full potential of cloud, data, and AI. The Senior Data Engineer role involves creating conceptual, logical, and physical data models, leading a team, and designing and developing data integration pipelines.</p><h3>Requirements</h3><ul><li>Bachelor's degree in Computer Science, Data Engineering, Electronics Engineering, Data Science or related field of study</li><li>5 years of experience in designing and implementing data pipelines in a cloud environment</li><li>4 years of experience in using SQL to write complex, highly-optimized queries across large volumes of data</li><li>3 years of experience in ETL pipeline implementation using AWS, Azure or GCP services</li><li>2 years of experience in cloud platforms: AWS, Azure, or GCP</li></ul><h3>Benefits</h3><ul><li>Health Care Plan (Medical, Dental &amp; Vision)</li><li>Retirement Pl",Senior-Data-Engineer|Data-Senior-Engineer|Senior-Data-Engineering|Data-Engineer-Senior|Senior-Staff-Data-Engineer|Senior-Data-Operations-Engineer|Senior-Principal-Data-Engineer|Senior-Data-Engineer-Positions|Senior-Data-Management-Engineer,,https://himalayas.app/companies/wavicle-data-solutions/jobs/senior-data-engineer,160555,180555,$160555 - $180555,2026-05-10
